225.6,0.058,3.9,11854,50,0.3,ChargerHpFaiq
225.6,0.058,3.9,11854,50,0.3,ChargerHpFaiq
225.6,0.058,3.9,11854,50,0.3,ChargerHpFaiq
225.6,0.058,3.9,11854,50,0.3,ChargerHpFaiq
225.6,0.058,3.9,11854,50,0.3,ChargerHpFaiq
225.6,0.058,3.9,11854,50,0.3,ChargerHpFaiq
225.6,0.058,3.9,11854,50,0.3,ChargerHpFaiq
225.6,0.058,3.9,11854,50,0.3,ChargerHpFaiq
225.6,0.058,3.9,11854,50,0.3,ChargerHpFaiq
225.6,0.058,3.9,11854,50,0.3,ChargerHpFaiq
226,0.056,6.3,11854,50,0.5,ChargerHpFaiq
226,0.056,6.3,11854,50,0.5,ChargerHpFaiq
226,0.056,6.3,11854,50,0.5,ChargerHpFaiq
226,0.056,6.3,11854,50,0.5,ChargerHpFaiq
226,0.056,6.3,11854,50,0.5,ChargerHpFaiq
226,0.056,6.3,11854,50,0.5,ChargerHpFaiq
226,0.056,6.3,11854,50,0.5,ChargerHpFaiq
226,0.056,6.3,11854,50,0.5,ChargerHpFaiq
226,0.056,6.3,11854,50,0.5,ChargerHpFaiq
226,0.056,6.3,11854,50,0.5,ChargerHpFaiq
226.2,0.049,5.6,11854,50,0.51,ChargerHpFaiq
226.2,0.049,5.6,11854,50,0.51,ChargerHpFaiq
226.2,0.049,5.6,11854,50,0.51,ChargerHpFaiq
226.2,0.049,5.6,11854,50,0.51,ChargerHpFaiq
226.2,0.049,5.6,11854,50,0.51,ChargerHpFaiq
226.2,0.049,5.6,11854,50,0.51,ChargerHpFaiq
226.2,0.049,5.6,11854,50,0.51,ChargerHpFaiq
226.2,0.049,5.6,11854,50,0.51,ChargerHpFaiq
226.2,0.049,5.6,11854,50,0.51,ChargerHpFaiq
226.2,0.049,5.6,11854,50,0.51,ChargerHpFaiq
225.8,0.088,11.2,11854,50,0.56,ChargerHpFaiq
225.8,0.088,11.2,11854,50,0.56,ChargerHpFaiq
225.8,0.088,11.2,11854,50,0.56,ChargerHpFaiq
225.8,0.088,11.2,11854,50,0.56,ChargerHpFaiq
225.8,0.088,11.2,11854,50,0.56,ChargerHpFaiq
225.8,0.088,11.2,11854,50,0.56,ChargerHpFaiq
225.8,0.088,11.2,11854,50,0.56,ChargerHpFaiq
225.8,0.088,11.2,11854,50,0.56,ChargerHpFaiq
225.8,0.088,11.2,11854,50,0.56,ChargerHpFaiq
225.8,0.088,11.2,11854,50,0.56,ChargerHpFaiq
225.8,0.088,11.2,11854,50,0.56,ChargerHpFaiq
225.9,0.088,11.2,11854,50,0.56,ChargerHpFaiq
225.9,0.088,11.2,11854,50,0.56,ChargerHpFaiq
225.9,0.088,11.2,11854,50,0.56,ChargerHpFaiq
225.9,0.088,11.2,11854,50,0.56,ChargerHpFaiq
225.9,0.088,11.2,11854,50,0.56,ChargerHpFaiq
225.9,0.088,11.2,11854,50,0.56,ChargerHpFaiq
225.9,0.088,11.2,11854,50,0.56,ChargerHpFaiq
225.9,0.088,11.2,11854,50,0.56,ChargerHpFaiq
225.9,0.088,11.2,11854,50,0.56,ChargerHpFaiq
225.9,0.088,11.2,11854,50,0.56,ChargerHpFaiq
225.9,0.088,11.2,11854,50,0.56,ChargerHpFaiq
225.9,0.088,11.2,11854,50,0.56,ChargerHpFaiq
225.9,0.088,11.2,11854,50,0.56,ChargerHpFaiq
225.9,0.088,11.2,11854,50,0.56,ChargerHpFaiq
225.9,0.088,11.2,11854,50,0.56,ChargerHpFaiq
225.9,0.088,11.2,11854,50,0.56,ChargerHpFaiq
225.9,0.088,11.2,11854,50,0.56,ChargerHpFaiq
225.9,0.088,11.2,11854,50,0.56,ChargerHpFaiq
225.9,0.088,11.2,11854,50,0.56,ChargerHpFaiq
225.9,0.088,11.2,11854,50,0.56,ChargerHpFaiq
225.7,0.088,11.2,11854,50,0.56,ChargerHpFaiq
225.7,0.088,11.2,11854,50,0.56,ChargerHpFaiq
225.7,0.088,11.2,11854,50,0.56,ChargerHpFaiq
225.7,0.088,11.2,11854,50,0.56,ChargerHpFaiq
225.7,0.088,11.2,11854,50,0.56,ChargerHpFaiq
225.7,0.088,11.2,11854,50,0.56,ChargerHpFaiq
225.7,0.088,11.2,11854,50,0.56,ChargerHpFaiq
225.7,0.088,11.2,11854,50,0.56,ChargerHpFaiq
225.7,0.088,11.2,11854,50,0.56,ChargerHpFaiq
225.7,0.088,11.2,11854,50,0.56,ChargerHpFaiq
225.8,0.089,11.3,11854,50,0.56,ChargerHpFaiq
225.8,0.089,11.3,11854,50,0.56,ChargerHpFaiq
225.8,0.089,11.3,11854,50,0.56,ChargerHpFaiq
225.8,0.089,11.3,11854,50,0.56,ChargerHpFaiq
225.8,0.089,11.3,11854,50,0.56,ChargerHpFaiq
225.8,0.089,11.3,11854,50,0.56,ChargerHpFaiq
225.8,0.089,11.3,11854,50,0.56,ChargerHpFaiq
225.8,0.089,11.3,11854,50,0.56,ChargerHpFaiq
225.8,0.089,11.3,11854,50,0.56,ChargerHpFaiq
225.8,0.089,11.3,11854,50,0.56,ChargerHpFaiq
225.8,0.089,11.3,11854,50,0.56,ChargerHpFaiq
225.8,0.089,11.3,11854,50,0.56,ChargerHpFaiq
226,0.089,11.3,11854,50,0.56,ChargerHpFaiq
226,0.089,11.3,11854,50,0.56,ChargerHpFaiq
226,0.089,11.3,11854,50,0.56,ChargerHpFaiq
226,0.089,11.3,11854,50,0.56,ChargerHpFaiq
226,0.089,11.3,11854,50,0.56,ChargerHpFaiq
226,0.089,11.3,11854,50,0.56,ChargerHpFaiq
226,0.089,11.3,11854,50,0.56,ChargerHpFaiq
226,0.089,11.3,11854,50,0.56,ChargerHpFaiq
226,0.089,11.3,11854,50,0.56,ChargerHpFaiq
226,0.089,11.3,11854,50,0.56,ChargerHpFaiq
225.9,0.089,11.3,11854,50,0.56,ChargerHpFaiq
225.9,0.089,11.3,11854,50,0.56,ChargerHpFaiq
225.9,0.089,11.3,11854,50,0.56,ChargerHpFaiq
225.9,0.089,11.3,11854,50,0.56,ChargerHpFaiq
225.9,0.089,11.3,11854,50,0.56,ChargerHpFaiq
225.9,0.089,11.3,11854,50,0.56,ChargerHpFaiq
225.9,0.089,11.3,11854,50,0.56,ChargerHpFaiq
225.9,0.089,11.3,11854,50,0.56,ChargerHpFaiq
225.9,0.089,11.3,11854,50,0.56,ChargerHpFaiq
225.9,0.089,11.3,11854,50,0.56,ChargerHpFaiq
225.6,0.089,11.3,11854,50,0.56,ChargerHpFaiq
225.6,0.089,11.3,11854,50,0.56,ChargerHpFaiq
225.6,0.089,11.3,11854,50,0.56,ChargerHpFaiq
225.6,0.089,11.3,11854,50,0.56,ChargerHpFaiq
225.6,0.089,11.3,11854,50,0.56,ChargerHpFaiq
225.6,0.089,11.3,11854,50,0.56,ChargerHpFaiq
225.6,0.089,11.3,11854,50,0.56,ChargerHpFaiq
225.6,0.089,11.3,11854,50,0.56,ChargerHpFaiq
225.6,0.089,11.3,11854,50,0.56,ChargerHpFaiq
225.6,0.089,11.3,11854,50,0.56,ChargerHpFaiq
225.4,0.09,11.4,11854,50,0.56,ChargerHpFaiq
225.4,0.09,11.4,11854,50,0.56,ChargerHpFaiq
225.4,0.09,11.4,11854,50,0.56,ChargerHpFaiq
225.4,0.09,11.4,11854,50,0.56,ChargerHpFaiq
225.4,0.09,11.4,11854,50,0.56,ChargerHpFaiq
225.4,0.09,11.4,11854,50,0.56,ChargerHpFaiq
225.4,0.09,11.4,11854,50,0.56,ChargerHpFaiq
225.4,0.09,11.4,11854,50,0.56,ChargerHpFaiq
225.4,0.09,11.4,11854,50,0.56,ChargerHpFaiq
225.4,0.09,11.4,11854,50,0.56,ChargerHpFaiq
225.5,0.089,11.4,11854,50,0.57,ChargerHpFaiq
225.5,0.089,11.4,11854,50,0.57,ChargerHpFaiq
225.5,0.089,11.4,11854,50,0.57,ChargerHpFaiq
225.5,0.089,11.4,11854,50,0.57,ChargerHpFaiq
225.5,0.089,11.4,11854,50,0.57,ChargerHpFaiq
225.5,0.089,11.4,11854,50,0.57,ChargerHpFaiq
225.5,0.089,11.4,11854,50,0.57,ChargerHpFaiq
225.5,0.089,11.4,11854,50,0.57,ChargerHpFaiq
225.5,0.089,11.4,11854,50,0.57,ChargerHpFaiq
225.5,0.089,11.4,11854,50,0.57,ChargerHpFaiq
225.5,0.089,11.4,11854,50,0.57,ChargerHpFaiq
225.7,0.09,11.4,11854,50,0.56,ChargerHpFaiq
225.7,0.09,11.4,11854,50,0.56,ChargerHpFaiq
225.7,0.09,11.4,11854,50,0.56,ChargerHpFaiq
225.7,0.09,11.4,11854,50,0.56,ChargerHpFaiq
225.7,0.09,11.4,11854,50,0.56,ChargerHpFaiq
225.7,0.09,11.4,11854,50,0.56,ChargerHpFaiq
225.7,0.09,11.4,11854,50,0.56,ChargerHpFaiq
225.7,0.09,11.4,11854,50,0.56,ChargerHpFaiq
225.7,0.09,11.4,11854,50,0.56,ChargerHpFaiq
225.7,0.09,11.4,11854,50,0.56,ChargerHpFaiq
226.6,0.089,11.4,11854,50,0.57,ChargerHpFaiq
226.6,0.089,11.4,11854,50,0.57,ChargerHpFaiq
226.6,0.089,11.4,11854,50,0.57,ChargerHpFaiq
226.6,0.089,11.4,11854,50,0.57,ChargerHpFaiq
226.6,0.089,11.4,11854,50,0.57,ChargerHpFaiq
226.6,0.089,11.4,11854,50,0.57,ChargerHpFaiq
226.6,0.089,11.4,11854,50,0.57,ChargerHpFaiq
226.6,0.089,11.4,11854,50,0.57,ChargerHpFaiq
226.6,0.089,11.4,11854,50,0.57,ChargerHpFaiq
226.6,0.089,11.4,11854,50,0.57,ChargerHpFaiq
226.2,0.089,11.4,11854,50,0.57,ChargerHpFaiq
226.2,0.089,11.4,11854,50,0.57,ChargerHpFaiq
226.2,0.089,11.4,11854,50,0.57,ChargerHpFaiq
226.2,0.089,11.4,11854,50,0.57,ChargerHpFaiq
226.2,0.089,11.4,11854,50,0.57,ChargerHpFaiq
226.2,0.089,11.4,11854,50,0.57,ChargerHpFaiq
226.2,0.089,11.4,11854,50,0.57,ChargerHpFaiq
226.2,0.089,11.4,11854,50,0.57,ChargerHpFaiq
226.2,0.089,11.4,11854,50,0.57,ChargerHpFaiq
226.2,0.089,11.4,11854,50,0.57,ChargerHpFaiq
226.1,0.09,11.4,11854,50,0.56,ChargerHpFaiq
226.1,0.09,11.4,11854,50,0.56,ChargerHpFaiq
226.1,0.09,11.4,11854,50,0.56,ChargerHpFaiq
226.1,0.09,11.4,11854,50,0.56,ChargerHpFaiq
226.1,0.09,11.4,11854,50,0.56,ChargerHpFaiq
226.1,0.09,11.4,11854,50,0.56,ChargerHpFaiq
226.1,0.09,11.4,11854,50,0.56,ChargerHpFaiq
226.1,0.09,11.4,11854,50,0.56,ChargerHpFaiq
226.1,0.09,11.4,11854,50,0.56,ChargerHpFaiq
226.1,0.09,11.4,11854,50,0.56,ChargerHpFaiq
226.1,0.09,11.4,11854,50,0.56,ChargerHpFaiq
226.1,0.09,11.4,11854,50,0.56,ChargerHpFaiq
225.9,0.09,11.5,11854,50,0.57,ChargerHpFaiq
225.9,0.09,11.5,11854,50,0.57,ChargerHpFaiq
225.9,0.09,11.5,11854,50,0.57,ChargerHpFaiq
225.9,0.09,11.5,11854,50,0.57,ChargerHpFaiq
225.9,0.09,11.5,11854,50,0.57,ChargerHpFaiq
225.9,0.09,11.5,11854,50,0.57,ChargerHpFaiq
225.9,0.09,11.5,11854,50,0.57,ChargerHpFaiq
225.9,0.09,11.5,11854,50,0.57,ChargerHpFaiq
225.9,0.09,11.5,11854,50,0.57,ChargerHpFaiq
225.9,0.09,11.5,11854,50,0.57,ChargerHpFaiq
226.1,0.09,11.5,11854,50,0.57,ChargerHpFaiq
226.1,0.09,11.5,11854,50,0.57,ChargerHpFaiq
226.1,0.09,11.5,11854,50,0.57,ChargerHpFaiq
226.1,0.09,11.5,11854,50,0.57,ChargerHpFaiq
226.1,0.09,11.5,11854,50,0.57,ChargerHpFaiq
226.1,0.09,11.5,11854,50,0.57,ChargerHpFaiq
226.1,0.09,11.5,11854,50,0.57,ChargerHpFaiq
226.1,0.09,11.5,11854,50,0.57,ChargerHpFaiq
226.1,0.09,11.5,11854,50,0.57,ChargerHpFaiq
226.1,0.09,11.5,11854,50,0.57,ChargerHpFaiq
225.9,0.09,11.5,11854,50,0.57,ChargerHpFaiq
225.9,0.09,11.5,11854,50,0.57,ChargerHpFaiq
225.9,0.09,11.5,11854,50,0.57,ChargerHpFaiq
225.9,0.09,11.5,11854,50,0.57,ChargerHpFaiq
225.9,0.09,11.5,11854,50,0.57,ChargerHpFaiq
225.9,0.09,11.5,11854,50,0.57,ChargerHpFaiq
225.9,0.09,11.5,11854,50,0.57,ChargerHpFaiq
225.9,0.09,11.5,11854,50,0.57,ChargerHpFaiq
225.9,0.09,11.5,11854,50,0.57,ChargerHpFaiq
225.9,0.09,11.5,11854,50,0.57,ChargerHpFaiq
225.9,0.09,11.5,11854,50,0.57,ChargerHpFaiq
225.9,0.09,11.5,11854,50,0.57,ChargerHpFaiq
225.9,0.09,11.5,11854,50,0.57,ChargerHpFaiq
225.9,0.09,11.5,11854,50,0.57,ChargerHpFaiq
225.9,0.09,11.5,11854,50,0.57,ChargerHpFaiq
225.9,0.09,11.5,11854,50,0.57,ChargerHpFaiq
225.9,0.09,11.5,11854,50,0.57,ChargerHpFaiq
225.9,0.09,11.5,11854,50,0.57,ChargerHpFaiq
225.9,0.09,11.5,11854,50,0.57,ChargerHpFaiq
225.9,0.09,11.5,11854,50,0.57,ChargerHpFaiq
225.9,0.09,11.5,11854,50,0.57,ChargerHpFaiq
225.7,0.09,11.5,11854,50,0.57,ChargerHpFaiq
225.7,0.09,11.5,11854,50,0.57,ChargerHpFaiq
225.7,0.09,11.5,11854,50,0.57,ChargerHpFaiq
225.7,0.09,11.5,11854,50,0.57,ChargerHpFaiq
225.7,0.09,11.5,11854,50,0.57,ChargerHpFaiq
225.7,0.09,11.5,11854,50,0.57,ChargerHpFaiq
225.7,0.09,11.5,11854,50,0.57,ChargerHpFaiq
225.7,0.09,11.5,11854,50,0.57,ChargerHpFaiq
225.7,0.09,11.5,11854,50,0.57,ChargerHpFaiq
225.7,0.09,11.5,11854,50,0.57,ChargerHpFaiq
225.6,0.09,11.5,11854,50,0.57,ChargerHpFaiq
225.6,0.09,11.5,11854,50,0.57,ChargerHpFaiq
225.6,0.09,11.5,11854,50,0.57,ChargerHpFaiq
225.6,0.09,11.5,11854,50,0.57,ChargerHpFaiq
225.6,0.09,11.5,11854,50,0.57,ChargerHpFaiq
225.6,0.09,11.5,11854,50,0.57,ChargerHpFaiq
225.6,0.09,11.5,11854,50,0.57,ChargerHpFaiq
225.6,0.09,11.5,11854,50,0.57,ChargerHpFaiq
225.6,0.09,11.5,11854,50,0.57,ChargerHpFaiq
225.6,0.09,11.5,11854,50,0.57,ChargerHpFaiq
225.3,0.09,11.4,11854,50,0.56,ChargerHpFaiq
225.3,0.09,11.4,11854,50,0.56,ChargerHpFaiq
225.3,0.09,11.4,11854,50,0.56,ChargerHpFaiq
225.3,0.09,11.4,11854,50,0.56,ChargerHpFaiq
225.3,0.09,11.4,11854,50,0.56,ChargerHpFaiq
225.3,0.09,11.4,11854,50,0.56,ChargerHpFaiq
225.3,0.09,11.4,11854,50,0.56,ChargerHpFaiq
225.3,0.09,11.4,11854,50,0.56,ChargerHpFaiq
225.3,0.09,11.4,11854,50,0.56,ChargerHpFaiq
225.3,0.09,11.4,11854,50,0.56,ChargerHpFaiq
226.1,0.09,11.5,11854,50,0.57,ChargerHpFaiq
226.1,0.09,11.5,11854,50,0.57,ChargerHpFaiq
226.1,0.09,11.5,11854,50,0.57,ChargerHpFaiq
226.1,0.09,11.5,11854,50,0.57,ChargerHpFaiq
226.1,0.09,11.5,11854,50,0.57,ChargerHpFaiq
226.1,0.09,11.5,11854,50,0.57,ChargerHpFaiq
226.1,0.09,11.5,11854,50,0.57,ChargerHpFaiq
226.1,0.09,11.5,11854,50,0.57,ChargerHpFaiq
226.1,0.09,11.5,11854,50,0.57,ChargerHpFaiq
226.1,0.09,11.5,11854,50,0.57,ChargerHpFaiq
226.1,0.09,11.5,11854,50,0.57,ChargerHpFaiq
226.1,0.09,11.5,11854,50,0.57,ChargerHpFaiq
226.1,0.09,11.4,11854,50,0.56,ChargerHpFaiq
226.1,0.09,11.4,11854,50,0.56,ChargerHpFaiq
226.1,0.09,11.4,11854,50,0.56,ChargerHpFaiq
226.1,0.09,11.4,11854,50,0.56,ChargerHpFaiq
226.1,0.09,11.4,11854,50,0.56,ChargerHpFaiq
226.1,0.09,11.4,11854,50,0.56,ChargerHpFaiq
226.1,0.09,11.4,11854,50,0.56,ChargerHpFaiq
226.1,0.09,11.4,11854,50,0.56,ChargerHpFaiq
226.1,0.09,11.4,11854,50,0.56,ChargerHpFaiq
226.1,0.09,11.4,11854,50,0.56,ChargerHpFaiq
226.1,0.09,11.5,11854,50,0.57,ChargerHpFaiq
226.1,0.09,11.5,11854,50,0.57,ChargerHpFaiq
226.1,0.09,11.5,11854,50,0.57,ChargerHpFaiq
226.1,0.09,11.5,11854,50,0.57,ChargerHpFaiq
226.1,0.09,11.5,11854,50,0.57,ChargerHpFaiq
226.1,0.09,11.5,11854,50,0.57,ChargerHpFaiq
226.1,0.09,11.5,11854,50,0.57,ChargerHpFaiq
226.1,0.09,11.5,11854,50,0.57,ChargerHpFaiq
226.1,0.09,11.5,11854,50,0.57,ChargerHpFaiq
226.1,0.09,11.5,11854,50,0.57,ChargerHpFaiq
226.2,0.09,11.5,11854,50,0.56,ChargerHpFaiq
226.2,0.09,11.5,11854,50,0.56,ChargerHpFaiq
226.2,0.09,11.5,11854,50,0.56,ChargerHpFaiq
226.2,0.09,11.5,11854,50,0.56,ChargerHpFaiq
226.2,0.09,11.5,11854,50,0.56,ChargerHpFaiq
226.2,0.09,11.5,11854,50,0.56,ChargerHpFaiq
226.2,0.09,11.5,11854,50,0.56,ChargerHpFaiq
226.2,0.09,11.5,11854,50,0.56,ChargerHpFaiq
226.2,0.09,11.5,11854,50,0.56,ChargerHpFaiq
226.2,0.09,11.5,11854,50,0.56,ChargerHpFaiq
226.1,0.09,11.5,11854,50,0.57,ChargerHpFaiq
226.1,0.09,11.5,11854,50,0.57,ChargerHpFaiq
226.1,0.09,11.5,11854,50,0.57,ChargerHpFaiq
226.1,0.09,11.5,11854,50,0.57,ChargerHpFaiq
226.1,0.09,11.5,11854,50,0.57,ChargerHpFaiq
226.1,0.09,11.5,11854,50,0.57,ChargerHpFaiq
226.1,0.09,11.5,11854,50,0.57,ChargerHpFaiq
226.1,0.09,11.5,11854,50,0.57,ChargerHpFaiq
226.1,0.09,11.5,11854,50,0.57,ChargerHpFaiq
226.1,0.09,11.5,11854,50,0.57,ChargerHpFaiq
225.9,0.091,11.5,11854,50,0.56,ChargerHpFaiq
225.9,0.091,11.5,11854,50,0.56,ChargerHpFaiq
225.9,0.091,11.5,11854,50,0.56,ChargerHpFaiq
225.9,0.091,11.5,11854,50,0.56,ChargerHpFaiq
225.9,0.091,11.5,11854,50,0.56,ChargerHpFaiq
225.9,0.091,11.5,11854,50,0.56,ChargerHpFaiq
225.9,0.091,11.5,11854,50,0.56,ChargerHpFaiq
225.9,0.091,11.5,11854,50,0.56,ChargerHpFaiq
225.9,0.091,11.5,11854,50,0.56,ChargerHpFaiq
225.9,0.091,11.5,11854,50,0.56,ChargerHpFaiq
225.9,0.091,11.5,11854,50,0.56,ChargerHpFaiq
225.6,0.091,11.5,11854,50,0.56,ChargerHpFaiq
225.6,0.091,11.5,11854,50,0.56,ChargerHpFaiq
225.6,0.091,11.5,11854,50,0.56,ChargerHpFaiq
225.6,0.091,11.5,11854,50,0.56,ChargerHpFaiq
225.6,0.091,11.5,11854,50,0.56,ChargerHpFaiq
225.6,0.091,11.5,11854,50,0.56,ChargerHpFaiq
225.6,0.091,11.5,11854,50,0.56,ChargerHpFaiq
225.6,0.091,11.5,11854,50,0.56,ChargerHpFaiq
225.6,0.091,11.5,11854,50,0.56,ChargerHpFaiq
225.6,0.091,11.5,11854,50,0.56,ChargerHpFaiq
225.5,0.091,11.5,11854,50,0.56,ChargerHpFaiq
225.5,0.091,11.5,11854,50,0.56,ChargerHpFaiq
225.5,0.091,11.5,11854,50,0.56,ChargerHpFaiq
225.5,0.091,11.5,11854,50,0.56,ChargerHpFaiq
225.5,0.091,11.5,11854,50,0.56,ChargerHpFaiq
225.5,0.091,11.5,11854,50,0.56,ChargerHpFaiq
225.5,0.091,11.5,11854,50,0.56,ChargerHpFaiq
225.5,0.091,11.5,11854,50,0.56,ChargerHpFaiq
225.5,0.091,11.5,11854,50,0.56,ChargerHpFaiq
225.5,0.091,11.5,11854,50,0.56,ChargerHpFaiq
225.7,0.091,11.5,11854,50,0.56,ChargerHpFaiq
225.7,0.091,11.5,11854,50,0.56,ChargerHpFaiq
225.7,0.091,11.5,11854,50,0.56,ChargerHpFaiq
225.7,0.091,11.5,11854,50,0.56,ChargerHpFaiq
225.7,0.091,11.5,11854,50,0.56,ChargerHpFaiq
225.7,0.091,11.5,11854,50,0.56,ChargerHpFaiq
225.7,0.091,11.5,11854,50,0.56,ChargerHpFaiq
225.7,0.091,11.5,11854,50,0.56,ChargerHpFaiq
225.7,0.091,11.5,11854,50,0.56,ChargerHpFaiq
225.7,0.091,11.5,11854,50,0.56,ChargerHpFaiq
225.4,0.091,11.5,11854,50,0.56,ChargerHpFaiq
225.4,0.091,11.5,11854,50,0.56,ChargerHpFaiq
225.4,0.091,11.5,11854,50,0.56,ChargerHpFaiq
225.4,0.091,11.5,11854,50,0.56,ChargerHpFaiq
225.4,0.091,11.5,11854,50,0.56,ChargerHpFaiq
225.4,0.091,11.5,11854,50,0.56,ChargerHpFaiq
225.4,0.091,11.5,11854,50,0.56,ChargerHpFaiq
225.4,0.091,11.5,11854,50,0.56,ChargerHpFaiq
225.4,0.091,11.5,11854,50,0.56,ChargerHpFaiq
225.4,0.091,11.5,11854,50,0.56,ChargerHpFaiq
225.4,0.091,11.5,11854,50,0.56,ChargerHpFaiq
225.4,0.091,11.5,11854,50,0.56,ChargerHpFaiq
225.6,0.091,11.5,11854,50,0.56,ChargerHpFaiq
225.6,0.091,11.5,11854,50,0.56,ChargerHpFaiq
225.6,0.091,11.5,11854,50,0.56,ChargerHpFaiq
225.6,0.091,11.5,11854,50,0.56,ChargerHpFaiq
225.6,0.091,11.5,11854,50,0.56,ChargerHpFaiq
225.6,0.091,11.5,11854,50,0.56,ChargerHpFaiq
225.6,0.091,11.5,11854,50,0.56,ChargerHpFaiq
225.6,0.091,11.5,11854,50,0.56,ChargerHpFaiq
225.6,0.091,11.5,11854,50,0.56,ChargerHpFaiq
225.6,0.091,11.5,11854,50,0.56,ChargerHpFaiq
225.6,0.091,11.5,11854,50,0.56,ChargerHpFaiq
225.6,0.091,11.5,11854,50,0.56,ChargerHpFaiq
225.6,0.091,11.5,11854,50,0.56,ChargerHpFaiq
225.6,0.091,11.5,11854,50,0.56,ChargerHpFaiq
225.6,0.091,11.5,11854,50,0.56,ChargerHpFaiq
225.6,0.091,11.5,11854,50,0.56,ChargerHpFaiq
225.6,0.091,11.5,11854,50,0.56,ChargerHpFaiq
225.6,0.091,11.5,11854,50,0.56,ChargerHpFaiq
225.6,0.091,11.5,11854,50,0.56,ChargerHpFaiq
225.6,0.091,11.5,11854,50,0.56,ChargerHpFaiq
225.8,0.091,11.5,11854,50,0.56,ChargerHpFaiq
225.8,0.091,11.5,11854,50,0.56,ChargerHpFaiq
225.8,0.091,11.5,11854,50,0.56,ChargerHpFaiq
225.8,0.091,11.5,11854,50,0.56,ChargerHpFaiq
225.8,0.091,11.5,11854,50,0.56,ChargerHpFaiq
225.8,0.091,11.5,11854,50,0.56,ChargerHpFaiq
225.8,0.091,11.5,11854,50,0.56,ChargerHpFaiq
225.8,0.091,11.5,11854,50,0.56,ChargerHpFaiq
225.8,0.091,11.5,11854,50,0.56,ChargerHpFaiq
225.8,0.091,11.5,11854,50,0.56,ChargerHpFaiq
225.9,0.091,11.5,11854,50,0.56,ChargerHpFaiq
225.9,0.091,11.5,11854,50,0.56,ChargerHpFaiq
225.9,0.091,11.5,11854,50,0.56,ChargerHpFaiq
225.9,0.091,11.5,11854,50,0.56,ChargerHpFaiq
225.9,0.091,11.5,11854,50,0.56,ChargerHpFaiq
225.9,0.091,11.5,11854,50,0.56,ChargerHpFaiq
225.9,0.091,11.5,11854,50,0.56,ChargerHpFaiq
225.9,0.091,11.5,11854,50,0.56,ChargerHpFaiq
225.9,0.091,11.5,11854,50,0.56,ChargerHpFaiq
225.9,0.091,11.5,11854,50,0.56,ChargerHpFaiq
225.9,0.091,11.5,11854,50,0.56,ChargerHpFaiq
225.9,0.091,11.5,11854,50,0.56,ChargerHpFaiq
225.9,0.091,11.5,11854,50,0.56,ChargerHpFaiq
225.9,0.091,11.5,11854,50,0.56,ChargerHpFaiq
225.9,0.091,11.5,11854,50,0.56,ChargerHpFaiq
225.9,0.091,11.5,11854,50,0.56,ChargerHpFaiq
225.9,0.091,11.5,11854,50,0.56,ChargerHpFaiq
225.9,0.091,11.5,11854,50,0.56,ChargerHpFaiq
225.9,0.091,11.5,11854,50,0.56,ChargerHpFaiq
225.9,0.091,11.5,11854,50,0.56,ChargerHpFaiq
225.9,0.091,11.5,11854,50,0.56,ChargerHpFaiq
225.9,0.091,11.5,11854,50,0.56,ChargerHpFaiq
225.9,0.091,11.5,11854,50,0.56,ChargerHpFaiq
225.9,0.091,11.5,11854,50,0.56,ChargerHpFaiq
225.9,0.091,11.5,11854,50,0.56,ChargerHpFaiq
225.9,0.091,11.5,11854,50,0.56,ChargerHpFaiq
225.9,0.091,11.5,11854,50,0.56,ChargerHpFaiq
225.9,0.091,11.5,11854,50,0.56,ChargerHpFaiq
225.9,0.091,11.5,11854,50,0.56,ChargerHpFaiq
225.9,0.091,11.5,11854,50,0.56,ChargerHpFaiq
225.9,0.091,11.5,11854,50,0.56,ChargerHpFaiq
226,0.091,11.5,11854,50,0.56,ChargerHpFaiq
226,0.091,11.5,11854,50,0.56,ChargerHpFaiq
226,0.091,11.5,11854,50,0.56,ChargerHpFaiq
226,0.091,11.5,11854,50,0.56,ChargerHpFaiq
226,0.091,11.5,11854,50,0.56,ChargerHpFaiq
226,0.091,11.5,11854,50,0.56,ChargerHpFaiq
226,0.091,11.5,11854,50,0.56,ChargerHpFaiq
226,0.091,11.5,11854,50,0.56,ChargerHpFaiq
226,0.091,11.5,11854,50,0.56,ChargerHpFaiq
226,0.091,11.5,11854,50,0.56,ChargerHpFaiq
226.4,0.09,11.5,11854,50,0.56,ChargerHpFaiq
226.4,0.09,11.5,11854,50,0.56,ChargerHpFaiq
226.4,0.09,11.5,11854,50,0.56,ChargerHpFaiq
226.4,0.09,11.5,11854,50,0.56,ChargerHpFaiq
226.4,0.09,11.5,11854,50,0.56,ChargerHpFaiq
226.4,0.09,11.5,11854,50,0.56,ChargerHpFaiq
226.4,0.09,11.5,11854,50,0.56,ChargerHpFaiq
226.4,0.09,11.5,11854,50,0.56,ChargerHpFaiq
226.4,0.09,11.5,11854,50,0.56,ChargerHpFaiq
226.4,0.09,11.5,11854,50,0.56,ChargerHpFaiq
226,0.091,11.5,11854,50,0.56,ChargerHpFaiq
226,0.091,11.5,11854,50,0.56,ChargerHpFaiq
226,0.091,11.5,11854,50,0.56,ChargerHpFaiq
226,0.091,11.5,11854,50,0.56,ChargerHpFaiq
226,0.091,11.5,11854,50,0.56,ChargerHpFaiq
226,0.091,11.5,11854,50,0.56,ChargerHpFaiq
226,0.091,11.5,11854,50,0.56,ChargerHpFaiq
226,0.091,11.5,11854,50,0.56,ChargerHpFaiq
226,0.091,11.5,11854,50,0.56,ChargerHpFaiq
226,0.091,11.5,11854,50,0.56,ChargerHpFaiq
226,0.091,11.5,11854,50,0.56,ChargerHpFaiq
226.1,0.091,11.5,11854,50,0.56,ChargerHpFaiq
226.1,0.091,11.5,11854,50,0.56,ChargerHpFaiq
226.1,0.091,11.5,11854,50,0.56,ChargerHpFaiq
226.1,0.091,11.5,11854,50,0.56,ChargerHpFaiq
226.1,0.091,11.5,11854,50,0.56,ChargerHpFaiq
226.1,0.091,11.5,11854,50,0.56,ChargerHpFaiq
226.1,0.091,11.5,11854,50,0.56,ChargerHpFaiq
226.1,0.091,11.5,11854,50,0.56,ChargerHpFaiq
226.1,0.091,11.5,11854,50,0.56,ChargerHpFaiq
226.1,0.091,11.5,11854,50,0.56,ChargerHpFaiq
225.8,0.091,11.5,11854,50,0.56,ChargerHpFaiq
225.8,0.091,11.5,11854,50,0.56,ChargerHpFaiq
225.8,0.091,11.5,11854,50,0.56,ChargerHpFaiq
225.8,0.091,11.5,11854,50,0.56,ChargerHpFaiq
225.8,0.091,11.5,11854,50,0.56,ChargerHpFaiq
225.8,0.091,11.5,11854,50,0.56,ChargerHpFaiq
225.8,0.091,11.5,11854,50,0.56,ChargerHpFaiq
225.8,0.091,11.5,11854,50,0.56,ChargerHpFaiq
225.8,0.091,11.5,11854,50,0.56,ChargerHpFaiq
225.8,0.091,11.5,11854,50,0.56,ChargerHpFaiq
225.6,0.091,11.5,11854,50,0.56,ChargerHpFaiq
225.6,0.091,11.5,11854,50,0.56,ChargerHpFaiq
225.6,0.091,11.5,11854,50,0.56,ChargerHpFaiq
225.6,0.091,11.5,11854,50,0.56,ChargerHpFaiq
225.6,0.091,11.5,11854,50,0.56,ChargerHpFaiq
225.6,0.091,11.5,11854,50,0.56,ChargerHpFaiq
225.6,0.091,11.5,11854,50,0.56,ChargerHpFaiq
225.6,0.091,11.5,11854,50,0.56,ChargerHpFaiq
225.6,0.091,11.5,11854,50,0.56,ChargerHpFaiq
225.6,0.091,11.5,11854,50,0.56,ChargerHpFaiq
225.9,0.091,11.5,11854,50,0.56,ChargerHpFaiq
225.9,0.091,11.5,11854,50,0.56,ChargerHpFaiq
225.9,0.091,11.5,11854,50,0.56,ChargerHpFaiq
225.9,0.091,11.5,11854,50,0.56,ChargerHpFaiq
225.9,0.091,11.5,11854,50,0.56,ChargerHpFaiq
225.9,0.091,11.5,11854,50,0.56,ChargerHpFaiq
225.9,0.091,11.5,11854,50,0.56,ChargerHpFaiq
225.9,0.091,11.5,11854,50,0.56,ChargerHpFaiq
225.9,0.091,11.5,11854,50,0.56,ChargerHpFaiq
225.9,0.091,11.5,11854,50,0.56,ChargerHpFaiq
225.9,0.091,11.5,11854,50,0.56,ChargerHpFaiq
225.9,0.091,11.5,11854,50,0.56,ChargerHpFaiq
225.7,0.091,11.5,11854,50,0.56,ChargerHpFaiq
225.7,0.091,11.5,11854,50,0.56,ChargerHpFaiq
225.7,0.091,11.5,11854,50,0.56,ChargerHpFaiq
225.7,0.091,11.5,11854,50,0.56,ChargerHpFaiq
225.7,0.091,11.5,11854,50,0.56,ChargerHpFaiq
225.7,0.091,11.5,11854,50,0.56,ChargerHpFaiq
225.7,0.091,11.5,11854,50,0.56,ChargerHpFaiq
225.7,0.091,11.5,11854,50,0.56,ChargerHpFaiq
225.7,0.091,11.5,11854,50,0.56,ChargerHpFaiq
225.7,0.091,11.5,11854,50,0.56,ChargerHpFaiq
225.7,0.09,11.5,11854,50,0.57,ChargerHpFaiq
225.7,0.09,11.5,11854,50,0.57,ChargerHpFaiq
225.7,0.09,11.5,11854,50,0.57,ChargerHpFaiq
225.7,0.09,11.5,11854,50,0.57,ChargerHpFaiq
225.7,0.09,11.5,11854,50,0.57,ChargerHpFaiq
225.7,0.09,11.5,11854,50,0.57,ChargerHpFaiq
225.7,0.09,11.5,11854,50,0.57,ChargerHpFaiq
225.7,0.09,11.5,11854,50,0.57,ChargerHpFaiq
225.7,0.09,11.5,11854,50,0.57,ChargerHpFaiq
225.8,0.091,11.5,11854,50,0.56,ChargerHpFaiq
225.8,0.091,11.5,11854,50,0.56,ChargerHpFaiq
225.8,0.091,11.5,11854,50,0.56,ChargerHpFaiq
225.8,0.091,11.5,11854,50,0.56,ChargerHpFaiq
225.8,0.091,11.5,11854,50,0.56,ChargerHpFaiq
225.8,0.091,11.5,11854,50,0.56,ChargerHpFaiq
225.8,0.091,11.5,11854,50,0.56,ChargerHpFaiq
225.8,0.091,11.5,11854,50,0.56,ChargerHpFaiq
225.8,0.091,11.5,11854,50,0.56,ChargerHpFaiq
225.8,0.091,11.5,11854,50,0.56,ChargerHpFaiq
226.1,0.09,11.5,11854,50,0.57,ChargerHpFaiq
226.1,0.09,11.5,11854,50,0.57,ChargerHpFaiq
226.1,0.09,11.5,11854,50,0.57,ChargerHpFaiq
226.1,0.09,11.5,11854,50,0.57,ChargerHpFaiq
226.1,0.09,11.5,11854,50,0.57,ChargerHpFaiq
226.1,0.09,11.5,11854,50,0.57,ChargerHpFaiq
226.1,0.09,11.5,11854,50,0.57,ChargerHpFaiq
226.1,0.09,11.5,11854,50,0.57,ChargerHpFaiq
226.1,0.09,11.5,11854,50,0.57,ChargerHpFaiq
226.1,0.09,11.5,11854,50,0.57,ChargerHpFaiq
226.1,0.09,11.5,11854,50,0.57,ChargerHpFaiq
226.1,0.09,11.5,11854,50,0.57,ChargerHpFaiq
225.9,0.09,11.5,11854,50,0.57,ChargerHpFaiq
225.9,0.09,11.5,11854,50,0.57,ChargerHpFaiq
225.9,0.09,11.5,11854,50,0.57,ChargerHpFaiq
225.9,0.09,11.5,11854,50,0.57,ChargerHpFaiq
225.9,0.09,11.5,11854,50,0.57,ChargerHpFaiq
225.9,0.09,11.5,11854,50,0.57,ChargerHpFaiq
225.9,0.09,11.5,11854,50,0.57,ChargerHpFaiq
225.9,0.09,11.5,11854,50,0.57,ChargerHpFaiq
225.9,0.09,11.5,11854,50,0.57,ChargerHpFaiq
225.9,0.09,11.5,11854,50,0.57,ChargerHpFaiq
225.8,0.091,11.6,11854,50,0.56,ChargerHpFaiq
225.8,0.091,11.6,11854,50,0.56,ChargerHpFaiq
225.8,0.091,11.6,11854,50,0.56,ChargerHpFaiq
225.8,0.091,11.6,11854,50,0.56,ChargerHpFaiq
225.8,0.091,11.6,11854,50,0.56,ChargerHpFaiq
225.8,0.091,11.6,11854,50,0.56,ChargerHpFaiq
225.8,0.091,11.6,11854,50,0.56,ChargerHpFaiq
225.8,0.091,11.6,11854,50,0.56,ChargerHpFaiq
225.8,0.091,11.6,11854,50,0.56,ChargerHpFaiq
225.8,0.091,11.6,11854,50,0.56,ChargerHpFaiq
225.8,0.091,11.5,11854,50,0.56,ChargerHpFaiq
225.8,0.091,11.5,11854,50,0.56,ChargerHpFaiq
225.8,0.091,11.5,11854,50,0.56,ChargerHpFaiq
225.8,0.091,11.5,11854,50,0.56,ChargerHpFaiq
225.8,0.091,11.5,11854,50,0.56,ChargerHpFaiq
225.8,0.091,11.5,11854,50,0.56,ChargerHpFaiq
225.8,0.091,11.5,11854,50,0.56,ChargerHpFaiq
225.8,0.091,11.5,11854,50,0.56,ChargerHpFaiq
225.8,0.091,11.5,11854,50,0.56,ChargerHpFaiq
225.8,0.091,11.5,11854,50,0.56,ChargerHpFaiq
225.8,0.091,11.5,11854,50,0.56,ChargerHpFaiq
225.8,0.091,11.5,11854,50,0.56,ChargerHpFaiq
225.8,0.091,11.5,11854,50,0.56,ChargerHpFaiq
225.8,0.091,11.5,11854,50,0.56,ChargerHpFaiq
225.8,0.091,11.5,11854,50,0.56,ChargerHpFaiq
225.8,0.091,11.5,11854,50,0.56,ChargerHpFaiq
225.8,0.091,11.5,11854,50,0.56,ChargerHpFaiq
225.8,0.091,11.5,11854,50,0.56,ChargerHpFaiq
225.8,0.091,11.5,11854,50,0.56,ChargerHpFaiq
225.8,0.091,11.5,11854,50,0.56,ChargerHpFaiq
225.8,0.091,11.5,11854,50,0.56,ChargerHpFaiq
225.9,0.091,11.5,11854,50,0.56,ChargerHpFaiq
225.9,0.091,11.5,11854,50,0.56,ChargerHpFaiq
225.9,0.091,11.5,11854,50,0.56,ChargerHpFaiq
225.9,0.091,11.5,11854,50,0.56,ChargerHpFaiq
225.9,0.091,11.5,11854,50,0.56,ChargerHpFaiq
225.9,0.091,11.5,11854,50,0.56,ChargerHpFaiq
225.9,0.091,11.5,11854,50,0.56,ChargerHpFaiq
225.9,0.091,11.5,11854,50,0.56,ChargerHpFaiq
225.9,0.091,11.5,11854,50,0.56,ChargerHpFaiq
225.9,0.091,11.5,11854,50,0.56,ChargerHpFaiq
226.1,0.09,11.5,11854,50,0.57,ChargerHpFaiq
226.1,0.09,11.5,11854,50,0.57,ChargerHpFaiq
226.1,0.09,11.5,11854,50,0.57,ChargerHpFaiq
226.1,0.09,11.5,11854,50,0.57,ChargerHpFaiq
226.1,0.09,11.5,11854,50,0.57,ChargerHpFaiq
226.1,0.09,11.5,11854,50,0.57,ChargerHpFaiq
226.1,0.09,11.5,11854,50,0.57,ChargerHpFaiq
226.1,0.09,11.5,11854,50,0.57,ChargerHpFaiq
226.1,0.09,11.5,11854,50,0.57,ChargerHpFaiq
226.1,0.09,11.5,11854,50,0.57,ChargerHpFaiq
226,0.091,11.5,11854,50,0.56,ChargerHpFaiq
226,0.091,11.5,11854,50,0.56,ChargerHpFaiq
226,0.091,11.5,11854,50,0.56,ChargerHpFaiq
226,0.091,11.5,11854,50,0.56,ChargerHpFaiq
226,0.091,11.5,11854,50,0.56,ChargerHpFaiq
226,0.091,11.5,11854,50,0.56,ChargerHpFaiq
226,0.091,11.5,11854,50,0.56,ChargerHpFaiq
226,0.091,11.5,11854,50,0.56,ChargerHpFaiq
226,0.091,11.5,11854,50,0.56,ChargerHpFaiq
226,0.091,11.5,11854,50,0.56,ChargerHpFaiq
226.2,0.091,11.6,11854,50,0.56,ChargerHpFaiq
226.2,0.091,11.6,11854,50,0.56,ChargerHpFaiq
226.2,0.091,11.6,11854,50,0.56,ChargerHpFaiq
226.2,0.091,11.6,11854,50,0.56,ChargerHpFaiq
226.2,0.091,11.6,11854,50,0.56,ChargerHpFaiq
226.2,0.091,11.6,11854,50,0.56,ChargerHpFaiq
226.2,0.091,11.6,11854,50,0.56,ChargerHpFaiq
226.2,0.091,11.6,11854,50,0.56,ChargerHpFaiq
226.2,0.091,11.6,11854,50,0.56,ChargerHpFaiq
225.8,0.091,11.5,11854,50,0.56,ChargerHpFaiq
225.8,0.091,11.5,11854,50,0.56,ChargerHpFaiq
225.8,0.091,11.5,11854,50,0.56,ChargerHpFaiq
225.8,0.091,11.5,11854,50,0.56,ChargerHpFaiq
225.8,0.091,11.5,11854,50,0.56,ChargerHpFaiq
225.8,0.091,11.5,11854,50,0.56,ChargerHpFaiq
225.8,0.091,11.5,11854,50,0.56,ChargerHpFaiq
225.8,0.091,11.5,11854,50,0.56,ChargerHpFaiq
225.8,0.091,11.5,11854,50,0.56,ChargerHpFaiq
225.8,0.091,11.5,11854,50,0.56,ChargerHpFaiq
225.8,0.091,11.5,11854,50,0.56,ChargerHpFaiq
225.8,0.091,11.5,11854,50,0.56,ChargerHpFaiq
225.9,0.091,11.5,11854,50,0.56,ChargerHpFaiq
225.9,0.091,11.5,11854,50,0.56,ChargerHpFaiq
225.9,0.091,11.5,11854,50,0.56,ChargerHpFaiq
225.9,0.091,11.5,11854,50,0.56,ChargerHpFaiq
225.9,0.091,11.5,11854,50,0.56,ChargerHpFaiq
225.9,0.091,11.5,11854,50,0.56,ChargerHpFaiq
225.9,0.091,11.5,11854,50,0.56,ChargerHpFaiq
225.9,0.091,11.5,11854,50,0.56,ChargerHpFaiq
225.9,0.091,11.5,11854,50,0.56,ChargerHpFaiq
225.9,0.091,11.5,11854,50,0.56,ChargerHpFaiq
225.9,0.091,11.6,11854,50,0.56,ChargerHpFaiq
225.9,0.091,11.6,11854,50,0.56,ChargerHpFaiq
225.9,0.091,11.6,11854,50,0.56,ChargerHpFaiq
225.9,0.091,11.6,11854,50,0.56,ChargerHpFaiq
225.9,0.091,11.6,11854,50,0.56,ChargerHpFaiq
225.9,0.091,11.6,11854,50,0.56,ChargerHpFaiq
225.9,0.091,11.6,11854,50,0.56,ChargerHpFaiq
225.9,0.091,11.6,11854,50,0.56,ChargerHpFaiq
225.9,0.091,11.6,11854,50,0.56,ChargerHpFaiq
225.9,0.091,11.6,11854,50,0.56,ChargerHpFaiq
225.8,0.091,11.5,11854,50,0.56,ChargerHpFaiq
225.8,0.091,11.5,11854,50,0.56,ChargerHpFaiq
225.8,0.091,11.5,11854,50,0.56,ChargerHpFaiq
225.8,0.091,11.5,11854,50,0.56,ChargerHpFaiq
225.8,0.091,11.5,11854,50,0.56,ChargerHpFaiq
225.8,0.091,11.5,11854,50,0.56,ChargerHpFaiq
225.8,0.091,11.5,11854,50,0.56,ChargerHpFaiq
225.8,0.091,11.5,11854,50,0.56,ChargerHpFaiq
225.8,0.091,11.5,11854,50,0.56,ChargerHpFaiq
225.8,0.091,11.5,11854,50,0.56,ChargerHpFaiq
225.9,0.09,11.5,11854,50,0.57,ChargerHpFaiq
225.9,0.09,11.5,11854,50,0.57,ChargerHpFaiq
225.9,0.09,11.5,11854,50,0.57,ChargerHpFaiq
225.9,0.09,11.5,11854,50,0.57,ChargerHpFaiq
225.9,0.09,11.5,11854,50,0.57,ChargerHpFaiq
225.9,0.09,11.5,11854,50,0.57,ChargerHpFaiq
225.9,0.09,11.5,11854,50,0.57,ChargerHpFaiq
225.9,0.09,11.5,11854,50,0.57,ChargerHpFaiq
225.9,0.09,11.5,11854,50,0.57,ChargerHpFaiq
225.9,0.09,11.5,11854,50,0.57,ChargerHpFaiq
225.9,0.09,11.5,11854,50,0.57,ChargerHpFaiq
225.9,0.091,11.5,11854,50,0.56,ChargerHpFaiq
225.9,0.091,11.5,11854,50,0.56,ChargerHpFaiq
225.9,0.091,11.5,11854,50,0.56,ChargerHpFaiq
225.9,0.091,11.5,11854,50,0.56,ChargerHpFaiq
225.9,0.091,11.5,11854,50,0.56,ChargerHpFaiq
225.9,0.091,11.5,11854,50,0.56,ChargerHpFaiq
225.9,0.091,11.5,11854,50,0.56,ChargerHpFaiq
225.9,0.091,11.5,11854,50,0.56,ChargerHpFaiq
225.9,0.091,11.5,11854,50,0.56,ChargerHpFaiq
225.9,0.091,11.5,11854,50,0.56,ChargerHpFaiq
225.9,0.09,11.5,11854,50,0.57,ChargerHpFaiq
225.9,0.09,11.5,11854,50,0.57,ChargerHpFaiq
225.9,0.09,11.5,11854,50,0.57,ChargerHpFaiq
225.9,0.09,11.5,11854,50,0.57,ChargerHpFaiq
225.9,0.09,11.5,11854,50,0.57,ChargerHpFaiq
225.9,0.09,11.5,11854,50,0.57,ChargerHpFaiq
225.9,0.09,11.5,11854,50,0.57,ChargerHpFaiq
225.9,0.09,11.5,11854,50,0.57,ChargerHpFaiq
225.9,0.09,11.5,11854,50,0.57,ChargerHpFaiq
225.9,0.09,11.5,11854,50,0.57,ChargerHpFaiq
225.9,0.09,11.5,11854,50,0.57,ChargerHpFaiq
225.9,0.09,11.5,11854,50,0.57,ChargerHpFaiq
225.9,0.09,11.5,11854,50,0.57,ChargerHpFaiq
225.9,0.09,11.5,11854,50,0.57,ChargerHpFaiq
225.9,0.09,11.5,11854,50,0.57,ChargerHpFaiq
225.9,0.09,11.5,11854,50,0.57,ChargerHpFaiq
225.9,0.09,11.5,11854,50,0.57,ChargerHpFaiq
225.9,0.09,11.5,11854,50,0.57,ChargerHpFaiq
225.9,0.09,11.5,11854,50,0.57,ChargerHpFaiq
225.9,0.09,11.5,11854,50,0.57,ChargerHpFaiq
226,0.09,11.5,11854,50,0.57,ChargerHpFaiq
226,0.09,11.5,11854,50,0.57,ChargerHpFaiq
226,0.09,11.5,11854,50,0.57,ChargerHpFaiq
226,0.09,11.5,11854,50,0.57,ChargerHpFaiq
226,0.09,11.5,11854,50,0.57,ChargerHpFaiq
226,0.09,11.5,11854,50,0.57,ChargerHpFaiq
226,0.09,11.5,11854,50,0.57,ChargerHpFaiq
226,0.09,11.5,11854,50,0.57,ChargerHpFaiq
226,0.09,11.5,11854,50,0.57,ChargerHpFaiq
226,0.09,11.5,11854,50,0.57,ChargerHpFaiq
226,0.09,11.5,11854,50,0.57,ChargerHpFaiq
226,0.09,11.5,11854,50,0.57,ChargerHpFaiq
225.6,0.09,11.4,11854,50,0.56,ChargerHpFaiq
225.6,0.09,11.4,11854,50,0.56,ChargerHpFaiq
225.6,0.09,11.4,11854,50,0.56,ChargerHpFaiq
225.6,0.09,11.4,11854,50,0.56,ChargerHpFaiq
225.6,0.09,11.4,11854,50,0.56,ChargerHpFaiq
225.6,0.09,11.4,11854,50,0.56,ChargerHpFaiq
225.6,0.09,11.4,11854,50,0.56,ChargerHpFaiq
225.6,0.09,11.4,11854,50,0.56,ChargerHpFaiq
225.6,0.09,11.4,11854,50,0.56,ChargerHpFaiq
225.8,0.09,11.4,11854,50,0.56,ChargerHpFaiq
225.8,0.09,11.4,11854,50,0.56,ChargerHpFaiq
225.8,0.09,11.4,11854,50,0.56,ChargerHpFaiq
225.8,0.09,11.4,11854,50,0.56,ChargerHpFaiq
225.8,0.09,11.4,11854,50,0.56,ChargerHpFaiq
225.8,0.09,11.4,11854,50,0.56,ChargerHpFaiq
225.8,0.09,11.4,11854,50,0.56,ChargerHpFaiq
225.8,0.09,11.4,11854,50,0.56,ChargerHpFaiq
225.8,0.09,11.4,11854,50,0.56,ChargerHpFaiq
225.8,0.09,11.4,11854,50,0.56,ChargerHpFaiq
225.7,0.09,11.5,11854,50,0.57,ChargerHpFaiq
225.7,0.09,11.5,11854,50,0.57,ChargerHpFaiq
225.7,0.09,11.5,11854,50,0.57,ChargerHpFaiq
225.7,0.09,11.5,11854,50,0.57,ChargerHpFaiq
225.7,0.09,11.5,11854,50,0.57,ChargerHpFaiq
225.7,0.09,11.5,11854,50,0.57,ChargerHpFaiq
225.7,0.09,11.5,11854,50,0.57,ChargerHpFaiq
225.7,0.09,11.5,11854,50,0.57,ChargerHpFaiq
225.7,0.09,11.5,11854,50,0.57,ChargerHpFaiq
225.7,0.09,11.5,11854,50,0.57,ChargerHpFaiq
225.6,0.091,11.5,11854,50,0.56,ChargerHpFaiq
225.6,0.091,11.5,11854,50,0.56,ChargerHpFaiq
225.6,0.091,11.5,11854,50,0.56,ChargerHpFaiq
225.6,0.091,11.5,11854,50,0.56,ChargerHpFaiq
225.6,0.091,11.5,11854,50,0.56,ChargerHpFaiq
225.6,0.091,11.5,11854,50,0.56,ChargerHpFaiq
225.6,0.091,11.5,11854,50,0.56,ChargerHpFaiq
225.6,0.091,11.5,11854,50,0.56,ChargerHpFaiq
225.6,0.091,11.5,11854,50,0.56,ChargerHpFaiq
225.6,0.091,11.5,11854,50,0.56,ChargerHpFaiq
226,0.09,11.5,11854,50,0.57,ChargerHpFaiq
226,0.09,11.5,11854,50,0.57,ChargerHpFaiq
226,0.09,11.5,11854,50,0.57,ChargerHpFaiq
226,0.09,11.5,11854,50,0.57,ChargerHpFaiq
226,0.09,11.5,11854,50,0.57,ChargerHpFaiq
226,0.09,11.5,11854,50,0.57,ChargerHpFaiq
226,0.09,11.5,11854,50,0.57,ChargerHpFaiq
226,0.09,11.5,11854,50,0.57,ChargerHpFaiq
226,0.09,11.5,11854,50,0.57,ChargerHpFaiq
226,0.09,11.5,11854,50,0.57,ChargerHpFaiq
226,0.09,11.5,11854,50,0.57,ChargerHpFaiq
226,0.09,11.5,11854,50,0.57,ChargerHpFaiq
225.9,0.091,11.6,11854,50,0.56,ChargerHpFaiq
225.9,0.091,11.6,11854,50,0.56,ChargerHpFaiq
225.9,0.091,11.6,11854,50,0.56,ChargerHpFaiq
225.9,0.091,11.6,11854,50,0.56,ChargerHpFaiq
225.9,0.091,11.6,11854,50,0.56,ChargerHpFaiq
225.9,0.091,11.6,11854,50,0.56,ChargerHpFaiq
225.9,0.091,11.6,11854,50,0.56,ChargerHpFaiq
225.9,0.091,11.6,11854,50,0.56,ChargerHpFaiq
225.9,0.091,11.6,11854,50,0.56,ChargerHpFaiq
225.9,0.091,11.6,11854,50,0.56,ChargerHpFaiq
225.7,0.091,11.5,11854,50,0.56,ChargerHpFaiq
225.7,0.091,11.5,11854,50,0.56,ChargerHpFaiq
225.7,0.091,11.5,11854,50,0.56,ChargerHpFaiq
225.7,0.091,11.5,11854,50,0.56,ChargerHpFaiq
225.7,0.091,11.5,11854,50,0.56,ChargerHpFaiq
225.7,0.091,11.5,11854,50,0.56,ChargerHpFaiq
225.7,0.091,11.5,11854,50,0.56,ChargerHpFaiq
225.7,0.091,11.5,11854,50,0.56,ChargerHpFaiq
225.7,0.091,11.5,11854,50,0.56,ChargerHpFaiq
225.7,0.091,11.5,11854,50,0.56,ChargerHpFaiq
225.9,0.091,11.5,11854,50,0.56,ChargerHpFaiq
225.9,0.091,11.5,11854,50,0.56,ChargerHpFaiq
225.9,0.091,11.5,11854,50,0.56,ChargerHpFaiq
225.9,0.091,11.5,11854,50,0.56,ChargerHpFaiq
225.9,0.091,11.5,11854,50,0.56,ChargerHpFaiq
225.9,0.091,11.5,11854,50,0.56,ChargerHpFaiq
225.9,0.091,11.5,11854,50,0.56,ChargerHpFaiq
225.9,0.091,11.5,11854,50,0.56,ChargerHpFaiq
225.9,0.091,11.5,11854,50,0.56,ChargerHpFaiq
225.9,0.091,11.5,11854,50,0.56,ChargerHpFaiq
225.6,0.091,11.6,11854,50,0.57,ChargerHpFaiq
225.6,0.091,11.6,11854,50,0.57,ChargerHpFaiq
225.6,0.091,11.6,11854,50,0.57,ChargerHpFaiq
225.6,0.091,11.6,11854,50,0.57,ChargerHpFaiq
225.6,0.091,11.6,11854,50,0.57,ChargerHpFaiq
225.6,0.091,11.6,11854,50,0.57,ChargerHpFaiq
225.6,0.091,11.6,11854,50,0.57,ChargerHpFaiq
225.6,0.091,11.6,11854,50,0.57,ChargerHpFaiq
225.6,0.091,11.6,11854,50,0.57,ChargerHpFaiq
225.6,0.091,11.6,11854,50,0.57,ChargerHpFaiq
225.6,0.091,11.6,11854,50,0.57,ChargerHpFaiq
225.6,0.091,11.6,11854,50,0.57,ChargerHpFaiq
225.6,0.091,11.5,11854,50,0.56,ChargerHpFaiq
225.6,0.091,11.5,11854,50,0.56,ChargerHpFaiq
225.6,0.091,11.5,11854,50,0.56,ChargerHpFaiq
225.6,0.091,11.5,11854,50,0.56,ChargerHpFaiq
225.6,0.091,11.5,11854,50,0.56,ChargerHpFaiq
225.6,0.091,11.5,11854,50,0.56,ChargerHpFaiq
225.6,0.091,11.5,11854,50,0.56,ChargerHpFaiq
225.6,0.091,11.5,11854,50,0.56,ChargerHpFaiq
225.6,0.091,11.5,11854,50,0.56,ChargerHpFaiq
225.7,0.091,11.5,11854,50,0.56,ChargerHpFaiq
225.7,0.091,11.5,11854,50,0.56,ChargerHpFaiq
225.7,0.091,11.5,11854,50,0.56,ChargerHpFaiq
225.7,0.091,11.5,11854,50,0.56,ChargerHpFaiq
225.7,0.091,11.5,11854,50,0.56,ChargerHpFaiq
225.7,0.091,11.5,11854,50,0.56,ChargerHpFaiq
225.7,0.091,11.5,11854,50,0.56,ChargerHpFaiq
225.7,0.091,11.5,11854,50,0.56,ChargerHpFaiq
225.7,0.091,11.5,11854,50,0.56,ChargerHpFaiq
225.7,0.091,11.5,11854,50,0.56,ChargerHpFaiq
225.6,0.091,11.5,11854,50,0.56,ChargerHpFaiq
225.6,0.091,11.5,11854,50,0.56,ChargerHpFaiq
225.6,0.091,11.5,11854,50,0.56,ChargerHpFaiq
225.6,0.091,11.5,11854,50,0.56,ChargerHpFaiq
225.6,0.091,11.5,11854,50,0.56,ChargerHpFaiq
225.6,0.091,11.5,11854,50,0.56,ChargerHpFaiq
225.6,0.091,11.5,11854,50,0.56,ChargerHpFaiq
225.6,0.091,11.5,11854,50,0.56,ChargerHpFaiq
225.6,0.091,11.5,11854,50,0.56,ChargerHpFaiq
225.6,0.091,11.5,11854,50,0.56,ChargerHpFaiq
225.6,0.091,11.5,11854,50,0.56,ChargerHpFaiq
225.6,0.091,11.5,11854,50,0.56,ChargerHpFaiq
225.6,0.091,11.5,11854,50,0.56,ChargerHpFaiq
225.6,0.091,11.5,11854,50,0.56,ChargerHpFaiq
225.6,0.091,11.5,11854,50,0.56,ChargerHpFaiq
225.6,0.091,11.5,11854,50,0.56,ChargerHpFaiq
225.6,0.091,11.5,11854,50,0.56,ChargerHpFaiq
225.6,0.091,11.5,11854,50,0.56,ChargerHpFaiq
225.6,0.091,11.5,11854,50,0.56,ChargerHpFaiq
225.6,0.091,11.5,11854,50,0.56,ChargerHpFaiq
225.6,0.091,11.5,11854,50,0.56,ChargerHpFaiq
225.6,0.091,11.5,11854,50,0.56,ChargerHpFaiq
225.7,0.091,11.5,11854,50,0.56,ChargerHpFaiq
225.7,0.091,11.5,11854,50,0.56,ChargerHpFaiq
225.7,0.091,11.5,11854,50,0.56,ChargerHpFaiq
225.7,0.091,11.5,11854,50,0.56,ChargerHpFaiq
225.7,0.091,11.5,11854,50,0.56,ChargerHpFaiq
225.7,0.091,11.5,11854,50,0.56,ChargerHpFaiq
225.7,0.091,11.5,11854,50,0.56,ChargerHpFaiq
225.7,0.091,11.5,11854,50,0.56,ChargerHpFaiq
225.7,0.091,11.5,11854,50,0.56,ChargerHpFaiq
225.7,0.091,11.5,11854,50,0.56,ChargerHpFaiq
225.6,0.091,11.5,11854,50,0.56,ChargerHpFaiq
225.6,0.091,11.5,11854,50,0.56,ChargerHpFaiq
225.6,0.091,11.5,11854,50,0.56,ChargerHpFaiq
225.6,0.091,11.5,11854,50,0.56,ChargerHpFaiq
225.6,0.091,11.5,11854,50,0.56,ChargerHpFaiq
225.6,0.091,11.5,11854,50,0.56,ChargerHpFaiq
225.6,0.091,11.5,11854,50,0.56,ChargerHpFaiq
225.6,0.091,11.5,11854,50,0.56,ChargerHpFaiq
225.6,0.091,11.5,11854,50,0.56,ChargerHpFaiq
225.6,0.091,11.5,11854,50,0.56,ChargerHpFaiq
225.5,0.091,11.5,11854,50,0.56,ChargerHpFaiq
225.5,0.091,11.5,11854,50,0.56,ChargerHpFaiq
225.5,0.091,11.5,11854,50,0.56,ChargerHpFaiq
225.5,0.091,11.5,11854,50,0.56,ChargerHpFaiq
225.5,0.091,11.5,11854,50,0.56,ChargerHpFaiq
225.5,0.091,11.5,11854,50,0.56,ChargerHpFaiq
225.5,0.091,11.5,11854,50,0.56,ChargerHpFaiq
225.5,0.091,11.5,11854,50,0.56,ChargerHpFaiq
225.5,0.091,11.5,11854,50,0.56,ChargerHpFaiq
225.7,0.091,11.5,11854,50,0.56,ChargerHpFaiq
225.7,0.091,11.5,11854,50,0.56,ChargerHpFaiq
225.7,0.091,11.5,11854,50,0.56,ChargerHpFaiq
225.7,0.091,11.5,11854,50,0.56,ChargerHpFaiq
225.7,0.091,11.5,11854,50,0.56,ChargerHpFaiq
225.7,0.091,11.5,11854,50,0.56,ChargerHpFaiq
225.7,0.091,11.5,11854,50,0.56,ChargerHpFaiq
225.7,0.091,11.5,11854,50,0.56,ChargerHpFaiq
225.7,0.091,11.5,11854,50,0.56,ChargerHpFaiq
225.7,0.091,11.5,11854,50,0.56,ChargerHpFaiq
225.7,0.091,11.5,11854,50,0.56,ChargerHpFaiq
225.7,0.091,11.5,11854,50,0.56,ChargerHpFaiq
226,0.091,11.5,11854,50,0.56,ChargerHpFaiq
226,0.091,11.5,11854,50,0.56,ChargerHpFaiq
226,0.091,11.5,11854,50,0.56,ChargerHpFaiq
226,0.091,11.5,11854,50,0.56,ChargerHpFaiq
226,0.091,11.5,11854,50,0.56,ChargerHpFaiq
226,0.091,11.5,11854,50,0.56,ChargerHpFaiq
226,0.091,11.5,11854,50,0.56,ChargerHpFaiq
226,0.091,11.5,11854,50,0.56,ChargerHpFaiq
226,0.091,11.5,11854,50,0.56,ChargerHpFaiq
226,0.091,11.5,11854,50,0.56,ChargerHpFaiq
225.8,0.091,11.5,11854,50,0.56,ChargerHpFaiq
225.8,0.091,11.5,11854,50,0.56,ChargerHpFaiq
225.8,0.091,11.5,11854,50,0.56,ChargerHpFaiq
225.8,0.091,11.5,11854,50,0.56,ChargerHpFaiq
225.8,0.091,11.5,11854,50,0.56,ChargerHpFaiq
225.8,0.091,11.5,11854,50,0.56,ChargerHpFaiq
225.8,0.091,11.5,11854,50,0.56,ChargerHpFaiq
225.8,0.091,11.5,11854,50,0.56,ChargerHpFaiq
225.8,0.091,11.5,11854,50,0.56,ChargerHpFaiq
225.8,0.091,11.5,11854,50,0.56,ChargerHpFaiq
226,0.091,11.5,11854,50,0.56,ChargerHpFaiq
226,0.091,11.5,11854,50,0.56,ChargerHpFaiq
226,0.091,11.5,11854,50,0.56,ChargerHpFaiq
226,0.091,11.5,11854,50,0.56,ChargerHpFaiq
226,0.091,11.5,11854,50,0.56,ChargerHpFaiq
226,0.091,11.5,11854,50,0.56,ChargerHpFaiq
226,0.091,11.5,11854,50,0.56,ChargerHpFaiq
226,0.091,11.5,11854,50,0.56,ChargerHpFaiq
226,0.091,11.5,11854,50,0.56,ChargerHpFaiq
226,0.091,11.5,11854,50,0.56,ChargerHpFaiq
225.8,0.091,11.5,11854,50,0.56,ChargerHpFaiq
225.8,0.091,11.5,11854,50,0.56,ChargerHpFaiq
225.8,0.091,11.5,11854,50,0.56,ChargerHpFaiq
225.8,0.091,11.5,11854,50,0.56,ChargerHpFaiq
225.8,0.091,11.5,11854,50,0.56,ChargerHpFaiq
225.8,0.091,11.5,11854,50,0.56,ChargerHpFaiq
225.8,0.091,11.5,11854,50,0.56,ChargerHpFaiq
225.8,0.091,11.5,11854,50,0.56,ChargerHpFaiq
225.8,0.091,11.5,11854,50,0.56,ChargerHpFaiq
225.8,0.091,11.5,11854,50,0.56,ChargerHpFaiq
225.8,0.091,11.5,11854,50,0.56,ChargerHpFaiq
225.8,0.091,11.5,11854,50,0.56,ChargerHpFaiq
225.8,0.091,11.5,11854,50,0.56,ChargerHpFaiq
225.8,0.091,11.5,11854,50,0.56,ChargerHpFaiq
225.8,0.091,11.5,11854,50,0.56,ChargerHpFaiq
225.8,0.091,11.5,11854,50,0.56,ChargerHpFaiq
225.8,0.091,11.5,11854,50,0.56,ChargerHpFaiq
225.8,0.091,11.5,11854,50,0.56,ChargerHpFaiq
225.8,0.091,11.5,11854,50,0.56,ChargerHpFaiq
225.8,0.091,11.5,11854,50,0.56,ChargerHpFaiq
225.8,0.091,11.5,11854,50,0.56,ChargerHpFaiq
225.8,0.091,11.5,11854,50,0.56,ChargerHpFaiq
225.5,0.092,11.5,11854,50,0.55,ChargerHpFaiq
225.5,0.092,11.5,11854,50,0.55,ChargerHpFaiq
225.5,0.092,11.5,11854,50,0.55,ChargerHpFaiq
225.5,0.092,11.5,11854,50,0.55,ChargerHpFaiq
225.5,0.092,11.5,11854,50,0.55,ChargerHpFaiq
225.5,0.092,11.5,11854,50,0.55,ChargerHpFaiq
225.5,0.092,11.5,11854,50,0.55,ChargerHpFaiq
225.5,0.092,11.5,11854,50,0.55,ChargerHpFaiq
225.5,0.092,11.5,11854,50,0.55,ChargerHpFaiq
225.5,0.091,11.5,11854,50,0.56,ChargerHpFaiq
225.5,0.091,11.5,11854,50,0.56,ChargerHpFaiq
225.5,0.091,11.5,11854,50,0.56,ChargerHpFaiq
225.5,0.091,11.5,11854,50,0.56,ChargerHpFaiq
225.5,0.091,11.5,11854,50,0.56,ChargerHpFaiq
225.5,0.091,11.5,11854,50,0.56,ChargerHpFaiq
225.5,0.091,11.5,11854,50,0.56,ChargerHpFaiq
225.5,0.091,11.5,11854,50,0.56,ChargerHpFaiq
225.5,0.091,11.5,11854,50,0.56,ChargerHpFaiq
225.5,0.091,11.5,11854,50,0.56,ChargerHpFaiq
225.6,0.091,11.5,11854,50,0.56,ChargerHpFaiq
225.6,0.091,11.5,11854,50,0.56,ChargerHpFaiq
225.6,0.091,11.5,11854,50,0.56,ChargerHpFaiq
225.6,0.091,11.5,11854,50,0.56,ChargerHpFaiq
225.6,0.091,11.5,11854,50,0.56,ChargerHpFaiq
225.6,0.091,11.5,11854,50,0.56,ChargerHpFaiq
225.6,0.091,11.5,11854,50,0.56,ChargerHpFaiq
225.6,0.091,11.5,11854,50,0.56,ChargerHpFaiq
225.6,0.091,11.5,11854,50,0.56,ChargerHpFaiq
225.6,0.091,11.5,11854,50,0.56,ChargerHpFaiq
225.7,0.092,11.5,11854,50,0.55,ChargerHpFaiq
225.7,0.092,11.5,11854,50,0.55,ChargerHpFaiq
225.7,0.092,11.5,11854,50,0.55,ChargerHpFaiq
225.7,0.092,11.5,11854,50,0.55,ChargerHpFaiq
225.7,0.092,11.5,11854,50,0.55,ChargerHpFaiq
225.7,0.092,11.5,11854,50,0.55,ChargerHpFaiq
225.7,0.092,11.5,11854,50,0.55,ChargerHpFaiq
225.7,0.092,11.5,11854,50,0.55,ChargerHpFaiq
225.7,0.092,11.5,11854,50,0.55,ChargerHpFaiq
225.7,0.092,11.5,11854,50,0.55,ChargerHpFaiq
225.7,0.092,11.5,11854,50,0.55,ChargerHpFaiq
225.7,0.092,11.5,11854,50,0.55,ChargerHpFaiq
225.9,0.091,11.6,11854,50,0.56,ChargerHpFaiq
225.9,0.091,11.6,11854,50,0.56,ChargerHpFaiq
225.9,0.091,11.6,11854,50,0.56,ChargerHpFaiq
225.9,0.091,11.6,11854,50,0.56,ChargerHpFaiq
225.9,0.091,11.6,11854,50,0.56,ChargerHpFaiq
225.9,0.091,11.6,11854,50,0.56,ChargerHpFaiq
225.9,0.091,11.6,11854,50,0.56,ChargerHpFaiq
225.9,0.091,11.6,11854,50,0.56,ChargerHpFaiq
225.9,0.091,11.6,11854,50,0.56,ChargerHpFaiq
225.9,0.091,11.6,11854,50,0.56,ChargerHpFaiq
225.9,0.091,11.5,11854,50,0.56,ChargerHpFaiq
225.9,0.091,11.5,11854,50,0.56,ChargerHpFaiq
225.9,0.091,11.5,11854,50,0.56,ChargerHpFaiq
225.9,0.091,11.5,11854,50,0.56,ChargerHpFaiq
225.9,0.091,11.5,11854,50,0.56,ChargerHpFaiq
225.9,0.091,11.5,11854,50,0.56,ChargerHpFaiq
225.9,0.091,11.5,11854,50,0.56,ChargerHpFaiq
225.9,0.091,11.5,11854,50,0.56,ChargerHpFaiq
225.9,0.091,11.5,11854,50,0.56,ChargerHpFaiq
225.9,0.091,11.5,11854,50,0.56,ChargerHpFaiq
226,0.092,11.6,11854,50,0.56,ChargerHpFaiq
226,0.092,11.6,11854,50,0.56,ChargerHpFaiq
226,0.092,11.6,11854,50,0.56,ChargerHpFaiq
226,0.092,11.6,11854,50,0.56,ChargerHpFaiq
226,0.092,11.6,11854,50,0.56,ChargerHpFaiq
226,0.092,11.6,11854,50,0.56,ChargerHpFaiq
226,0.092,11.6,11854,50,0.56,ChargerHpFaiq
226,0.092,11.6,11854,50,0.56,ChargerHpFaiq
226,0.092,11.6,11854,50,0.56,ChargerHpFaiq
226,0.092,11.6,11854,50,0.56,ChargerHpFaiq