223.1,0.702,91,11931,50,0.58,LaptopDanHP
223.1,0.702,91,11931,50,0.58,LaptopDanHP
223.1,0.702,91,11931,50,0.58,LaptopDanHP
223.1,0.702,91,11931,50,0.58,LaptopDanHP
223.1,0.702,91,11931,50,0.58,LaptopDanHP
223.1,0.702,91,11931,50,0.58,LaptopDanHP
223.1,0.702,91,11931,50,0.58,LaptopDanHP
223.1,0.702,91,11931,50,0.58,LaptopDanHP
223.1,0.702,91,11931,50,0.58,LaptopDanHP
223.1,0.702,91,11931,50,0.58,LaptopDanHP
223.1,0.702,91,11931,50,0.58,LaptopDanHP
223,0.692,88.1,11931,50,0.57,LaptopDanHP
223,0.692,88.1,11931,50,0.57,LaptopDanHP
223,0.692,88.1,11931,50,0.57,LaptopDanHP
223,0.692,88.1,11931,50,0.57,LaptopDanHP
223,0.692,88.1,11931,50,0.57,LaptopDanHP
223,0.692,88.1,11931,50,0.57,LaptopDanHP
223,0.692,88.1,11931,50,0.57,LaptopDanHP
223,0.692,88.1,11931,50,0.57,LaptopDanHP
223,0.692,88.1,11931,50,0.57,LaptopDanHP
222.9,0.716,92.4,11931,50,0.58,LaptopDanHP
222.9,0.716,92.4,11931,50,0.58,LaptopDanHP
222.9,0.716,92.4,11931,50,0.58,LaptopDanHP
222.9,0.716,92.4,11931,50,0.58,LaptopDanHP
222.9,0.716,92.4,11931,50,0.58,LaptopDanHP
222.9,0.716,92.4,11931,50,0.58,LaptopDanHP
222.9,0.716,92.4,11931,50,0.58,LaptopDanHP
222.9,0.716,92.4,11931,50,0.58,LaptopDanHP
222.9,0.716,92.4,11931,50,0.58,LaptopDanHP
222.9,0.716,92.4,11931,50,0.58,LaptopDanHP
223,0.717,91.7,11931,50,0.57,LaptopDanHP
223,0.717,91.7,11931,50,0.57,LaptopDanHP
223,0.717,91.7,11931,50,0.57,LaptopDanHP
223,0.717,91.7,11931,50,0.57,LaptopDanHP
223,0.717,91.7,11931,50,0.57,LaptopDanHP
223,0.717,91.7,11931,50,0.57,LaptopDanHP
223,0.717,91.7,11931,50,0.57,LaptopDanHP
223,0.717,91.7,11931,50,0.57,LaptopDanHP
223,0.717,91.7,11931,50,0.57,LaptopDanHP
223,0.717,91.7,11931,50,0.57,LaptopDanHP
223,0.718,92.6,11931,50,0.58,LaptopDanHP
223,0.718,92.6,11931,50,0.58,LaptopDanHP
223,0.718,92.6,11931,50,0.58,LaptopDanHP
223,0.718,92.6,11931,50,0.58,LaptopDanHP
223,0.718,92.6,11931,50,0.58,LaptopDanHP
223,0.718,92.6,11931,50,0.58,LaptopDanHP
223,0.718,92.6,11931,50,0.58,LaptopDanHP
223,0.718,92.6,11931,50,0.58,LaptopDanHP
223,0.718,92.6,11931,50,0.58,LaptopDanHP
223,0.718,92.6,11931,50,0.58,LaptopDanHP
223,0.718,92.6,11931,50,0.58,LaptopDanHP
223,0.718,92.6,11931,50,0.58,LaptopDanHP
222.9,0.715,92.3,11931,50,0.58,LaptopDanHP
222.9,0.715,92.3,11931,50,0.58,LaptopDanHP
222.9,0.715,92.3,11931,50,0.58,LaptopDanHP
222.9,0.715,92.3,11931,50,0.58,LaptopDanHP
222.9,0.715,92.3,11931,50,0.58,LaptopDanHP
222.9,0.715,92.3,11931,50,0.58,LaptopDanHP
222.9,0.715,92.3,11931,50,0.58,LaptopDanHP
222.9,0.715,92.3,11931,50,0.58,LaptopDanHP
222.9,0.715,92.3,11931,50,0.58,LaptopDanHP
222.9,0.715,92.3,11931,50,0.58,LaptopDanHP
223,0.702,90.1,11931,50,0.58,LaptopDanHP
223,0.702,90.1,11931,50,0.58,LaptopDanHP
223,0.702,90.1,11931,50,0.58,LaptopDanHP
223,0.702,90.1,11931,50,0.58,LaptopDanHP
223,0.702,90.1,11931,50,0.58,LaptopDanHP
223,0.702,90.1,11931,50,0.58,LaptopDanHP
223,0.702,90.1,11931,50,0.58,LaptopDanHP
223,0.702,90.1,11931,50,0.58,LaptopDanHP
223,0.702,90.1,11931,50,0.58,LaptopDanHP
223,0.702,90.1,11931,50,0.58,LaptopDanHP
223,0.707,90.2,11931,50,0.57,LaptopDanHP
223,0.707,90.2,11931,50,0.57,LaptopDanHP
223,0.707,90.2,11931,50,0.57,LaptopDanHP
223,0.707,90.2,11931,50,0.57,LaptopDanHP
223,0.707,90.2,11931,50,0.57,LaptopDanHP
223,0.707,90.2,11931,50,0.57,LaptopDanHP
223,0.707,90.2,11931,50,0.57,LaptopDanHP
223,0.707,90.2,11931,50,0.57,LaptopDanHP
223,0.707,90.2,11931,50,0.57,LaptopDanHP
223,0.707,90.2,11931,50,0.57,LaptopDanHP
222.9,0.69,88.2,11931,50,0.57,LaptopDanHP
222.9,0.69,88.2,11931,50,0.57,LaptopDanHP
222.9,0.69,88.2,11931,50,0.57,LaptopDanHP
222.9,0.69,88.2,11931,50,0.57,LaptopDanHP
222.9,0.69,88.2,11931,50,0.57,LaptopDanHP
222.9,0.69,88.2,11931,50,0.57,LaptopDanHP
222.9,0.69,88.2,11931,50,0.57,LaptopDanHP
222.9,0.69,88.2,11931,50,0.57,LaptopDanHP
222.9,0.69,88.2,11931,50,0.57,LaptopDanHP
222.9,0.69,88.2,11931,50,0.57,LaptopDanHP
222.9,0.69,88.2,11931,50,0.57,LaptopDanHP
222.7,0.729,93.6,11931,50,0.58,LaptopDanHP
222.7,0.729,93.6,11931,50,0.58,LaptopDanHP
222.7,0.729,93.6,11931,50,0.58,LaptopDanHP
222.7,0.729,93.6,11931,50,0.58,LaptopDanHP
222.7,0.729,93.6,11931,50,0.58,LaptopDanHP
222.7,0.729,93.6,11931,50,0.58,LaptopDanHP
222.7,0.729,93.6,11931,50,0.58,LaptopDanHP
222.7,0.729,93.6,11931,50,0.58,LaptopDanHP
222.7,0.729,93.6,11931,50,0.58,LaptopDanHP
222.7,0.729,93.6,11931,50,0.58,LaptopDanHP
223,0.694,88.2,11931,50,0.57,LaptopDanHP
223,0.694,88.2,11931,50,0.57,LaptopDanHP
223,0.694,88.2,11931,50,0.57,LaptopDanHP
223,0.694,88.2,11931,50,0.57,LaptopDanHP
223,0.694,88.2,11931,50,0.57,LaptopDanHP
223,0.694,88.2,11931,50,0.57,LaptopDanHP
223,0.694,88.2,11931,50,0.57,LaptopDanHP
223,0.694,88.2,11931,50,0.57,LaptopDanHP
223,0.694,88.2,11931,50,0.57,LaptopDanHP
223,0.694,88.2,11931,50,0.57,LaptopDanHP
223.1,0.611,75.7,11931,50,0.56,LaptopDanHP
223.1,0.611,75.7,11931,50,0.56,LaptopDanHP
223.1,0.611,75.7,11931,50,0.56,LaptopDanHP
223.1,0.611,75.7,11931,50,0.56,LaptopDanHP
223.1,0.611,75.7,11931,50,0.56,LaptopDanHP
223.1,0.611,75.7,11931,50,0.56,LaptopDanHP
223.1,0.611,75.7,11931,50,0.56,LaptopDanHP
223.1,0.611,75.7,11931,50,0.56,LaptopDanHP
223.1,0.611,75.7,11931,50,0.56,LaptopDanHP
223.1,0.611,75.7,11931,50,0.56,LaptopDanHP
223,0.596,72.6,11931,50,0.55,LaptopDanHP
223,0.596,72.6,11931,50,0.55,LaptopDanHP
223,0.596,72.6,11931,50,0.55,LaptopDanHP
223,0.596,72.6,11931,50,0.55,LaptopDanHP
223,0.596,72.6,11931,50,0.55,LaptopDanHP
223,0.596,72.6,11931,50,0.55,LaptopDanHP
223,0.596,72.6,11931,50,0.55,LaptopDanHP
223,0.596,72.6,11931,50,0.55,LaptopDanHP
223,0.596,72.6,11931,50,0.55,LaptopDanHP
223,0.596,72.6,11931,50,0.55,LaptopDanHP
223,0.596,72.6,11931,50,0.55,LaptopDanHP
223,0.596,72.6,11931,50,0.55,LaptopDanHP
222.9,0.62,76.4,11931,50,0.55,LaptopDanHP
222.9,0.62,76.4,11931,50,0.55,LaptopDanHP
222.9,0.62,76.4,11931,50,0.55,LaptopDanHP
222.9,0.62,76.4,11931,50,0.55,LaptopDanHP
222.9,0.62,76.4,11931,50,0.55,LaptopDanHP
222.9,0.62,76.4,11931,49.9,0.55,LaptopDanHP
222.9,0.62,76.4,11931,49.9,0.55,LaptopDanHP
222.9,0.62,76.4,11931,49.9,0.55,LaptopDanHP
222.9,0.62,76.4,11931,50,0.55,LaptopDanHP
222.9,0.62,76.4,11931,50,0.55,LaptopDanHP
222.9,0.622,77.2,11931,50,0.56,LaptopDanHP
222.9,0.622,77.2,11931,50,0.56,LaptopDanHP
222.9,0.622,77.2,11931,50,0.56,LaptopDanHP
222.9,0.622,77.2,11931,50,0.56,LaptopDanHP
222.9,0.622,77.2,11931,50,0.56,LaptopDanHP
222.9,0.622,77.2,11931,50,0.56,LaptopDanHP
222.9,0.622,77.2,11931,50,0.56,LaptopDanHP
222.9,0.622,77.2,11931,50,0.56,LaptopDanHP
222.9,0.622,77.2,11931,50,0.56,LaptopDanHP
222.9,0.622,77.2,11931,50,0.56,LaptopDanHP
222.7,0.597,72.4,11931,50,0.54,LaptopDanHP
222.7,0.597,72.4,11931,50,0.54,LaptopDanHP
222.7,0.597,72.4,11931,50,0.54,LaptopDanHP
222.7,0.597,72.4,11931,50,0.54,LaptopDanHP
222.7,0.597,72.4,11931,50,0.54,LaptopDanHP
222.7,0.597,72.4,11931,49.9,0.54,LaptopDanHP
222.7,0.597,72.4,11931,49.9,0.54,LaptopDanHP
222.7,0.597,72.4,11931,50,0.54,LaptopDanHP
222.7,0.597,72.4,11931,50,0.54,LaptopDanHP
222.7,0.597,72.4,11931,50,0.54,LaptopDanHP
222.8,0.608,74.7,11931,50,0.55,LaptopDanHP
222.8,0.608,74.7,11931,50,0.55,LaptopDanHP
222.8,0.608,74.7,11931,49.9,0.55,LaptopDanHP
222.8,0.608,74.7,11931,49.9,0.55,LaptopDanHP
222.8,0.608,74.7,11931,49.9,0.55,LaptopDanHP
222.8,0.608,74.7,11931,50,0.55,LaptopDanHP
222.8,0.608,74.7,11931,50,0.55,LaptopDanHP
222.8,0.608,74.7,11931,50,0.55,LaptopDanHP
222.8,0.608,74.7,11931,50,0.55,LaptopDanHP
222.8,0.608,74.7,11931,50,0.55,LaptopDanHP
222.6,0.596,72.8,11931,49.9,0.55,LaptopDanHP
222.6,0.596,72.8,11931,49.9,0.55,LaptopDanHP
222.6,0.596,72.8,11931,49.9,0.55,LaptopDanHP
222.6,0.596,72.8,11931,50,0.55,LaptopDanHP
222.6,0.596,72.8,11931,50,0.55,LaptopDanHP
222.6,0.596,72.8,11931,50,0.55,LaptopDanHP
222.6,0.596,72.8,11931,50,0.55,LaptopDanHP
222.6,0.596,72.8,11931,49.9,0.55,LaptopDanHP
222.6,0.596,72.8,11931,50,0.55,LaptopDanHP
222.6,0.596,72.8,11931,50,0.55,LaptopDanHP
222.6,0.596,72.8,11931,50,0.55,LaptopDanHP
222.6,0.596,72.8,11931,50,0.55,LaptopDanHP
222.6,0.618,76.1,11931,49.9,0.55,LaptopDanHP
222.6,0.618,76.1,11931,50,0.55,LaptopDanHP
222.6,0.618,76.1,11931,50,0.55,LaptopDanHP
222.6,0.618,76.1,11931,50,0.55,LaptopDanHP
222.6,0.618,76.1,11931,50,0.55,LaptopDanHP
222.6,0.618,76.1,11931,49.9,0.55,LaptopDanHP
222.6,0.618,76.1,11931,49.9,0.55,LaptopDanHP
222.6,0.618,76.1,11931,49.9,0.55,LaptopDanHP
222.6,0.618,76.1,11931,50,0.55,LaptopDanHP
222.6,0.618,76.1,11931,50,0.55,LaptopDanHP
222.7,0.614,76.1,11931,49.9,0.56,LaptopDanHP
222.7,0.614,76.1,11931,49.9,0.56,LaptopDanHP
222.7,0.614,76.1,11931,49.9,0.56,LaptopDanHP
222.7,0.614,76.1,11931,50,0.56,LaptopDanHP
222.7,0.614,76.1,11931,50,0.56,LaptopDanHP
222.7,0.614,76.1,11931,50,0.56,LaptopDanHP
222.7,0.614,76.1,11931,50,0.56,LaptopDanHP
222.7,0.614,76.1,11931,50,0.56,LaptopDanHP
222.7,0.614,76.1,11931,49.9,0.56,LaptopDanHP
222.7,0.614,76.1,11931,49.9,0.56,LaptopDanHP
222.8,0.599,73.6,11931,49.9,0.55,LaptopDanHP
222.8,0.599,73.6,11931,50,0.55,LaptopDanHP
222.8,0.599,73.6,11931,50,0.55,LaptopDanHP
222.8,0.599,73.6,11931,49.9,0.55,LaptopDanHP
222.8,0.599,73.6,11931,49.9,0.55,LaptopDanHP
222.8,0.599,73.6,11931,49.9,0.55,LaptopDanHP
222.8,0.599,73.6,11931,50,0.55,LaptopDanHP
222.8,0.599,73.6,11931,50,0.55,LaptopDanHP
222.8,0.599,73.6,11931,49.9,0.55,LaptopDanHP
222.8,0.599,73.6,11931,49.9,0.55,LaptopDanHP
222.7,0.61,75.6,11931,49.9,0.56,LaptopDanHP
222.7,0.61,75.6,11931,50,0.56,LaptopDanHP
222.7,0.61,75.6,11931,50,0.56,LaptopDanHP
222.7,0.61,75.6,11931,50,0.56,LaptopDanHP
222.7,0.61,75.6,11931,50,0.56,LaptopDanHP
222.7,0.61,75.6,11931,50,0.56,LaptopDanHP
222.7,0.61,75.6,11931,50,0.56,LaptopDanHP
222.7,0.61,75.6,11931,50,0.56,LaptopDanHP
222.7,0.61,75.6,11931,50,0.56,LaptopDanHP
222.7,0.61,75.6,11931,50,0.56,LaptopDanHP
222.7,0.61,75.6,11931,50,0.56,LaptopDanHP
222.6,0.616,75.6,11931,49.9,0.55,LaptopDanHP
222.6,0.616,75.6,11931,49.9,0.55,LaptopDanHP
222.6,0.616,75.6,11931,49.9,0.55,LaptopDanHP
222.6,0.616,75.6,11931,49.9,0.55,LaptopDanHP
222.6,0.616,75.6,11931,50,0.55,LaptopDanHP
222.6,0.616,75.6,11931,50,0.55,LaptopDanHP
222.6,0.616,75.6,11931,50,0.55,LaptopDanHP
222.6,0.616,75.6,11931,49.9,0.55,LaptopDanHP
222.6,0.616,75.6,11931,49.9,0.55,LaptopDanHP
222.6,0.616,75.6,11931,50,0.55,LaptopDanHP
222.6,0.608,74.8,11931,50,0.55,LaptopDanHP
222.6,0.608,74.8,11931,50,0.55,LaptopDanHP
222.6,0.608,74.8,11931,49.9,0.55,LaptopDanHP
222.6,0.608,74.8,11931,49.9,0.55,LaptopDanHP
222.6,0.608,74.8,11931,50,0.55,LaptopDanHP
222.6,0.608,74.8,11931,50,0.55,LaptopDanHP
222.6,0.608,74.8,11931,50,0.55,LaptopDanHP
222.6,0.608,74.8,11931,50,0.55,LaptopDanHP
222.6,0.608,74.8,11931,50,0.55,LaptopDanHP
222.6,0.608,74.8,11931,50,0.55,LaptopDanHP
222.7,0.622,77.5,11931,49.9,0.56,LaptopDanHP
222.7,0.622,77.5,11931,49.9,0.56,LaptopDanHP
222.7,0.622,77.5,11931,50,0.56,LaptopDanHP
222.7,0.622,77.5,11931,50,0.56,LaptopDanHP
222.7,0.622,77.5,11931,50,0.56,LaptopDanHP
222.7,0.622,77.5,11931,50,0.56,LaptopDanHP
222.7,0.622,77.5,11931,50,0.56,LaptopDanHP
222.7,0.622,77.5,11931,50,0.56,LaptopDanHP
222.7,0.622,77.5,11931,50,0.56,LaptopDanHP
222.7,0.622,77.5,11931,49.9,0.56,LaptopDanHP
222.7,0.595,72.3,11931,50,0.55,LaptopDanHP
222.7,0.595,72.3,11931,50,0.55,LaptopDanHP
222.7,0.595,72.3,11931,50,0.55,LaptopDanHP
222.7,0.595,72.3,11931,50,0.55,LaptopDanHP
222.7,0.595,72.3,11931,50,0.55,LaptopDanHP
222.7,0.595,72.3,11932,49.9,0.55,LaptopDanHP
222.7,0.595,72.3,11932,49.9,0.55,LaptopDanHP
222.7,0.595,72.3,11932,49.9,0.55,LaptopDanHP
222.7,0.595,72.3,11932,49.9,0.55,LaptopDanHP
222.7,0.595,72.3,11932,50,0.55,LaptopDanHP
222.7,0.595,72.3,11932,50,0.55,LaptopDanHP
222.7,0.595,72.3,11932,50,0.55,LaptopDanHP
222.7,0.617,76,11932,50,0.55,LaptopDanHP
222.7,0.617,76,11932,50,0.55,LaptopDanHP
222.7,0.617,76,11932,49.9,0.55,LaptopDanHP
222.7,0.617,76,11932,49.9,0.55,LaptopDanHP
222.7,0.617,76,11932,49.9,0.55,LaptopDanHP
222.7,0.617,76,11932,50,0.55,LaptopDanHP
222.7,0.617,76,11932,50,0.55,LaptopDanHP
222.7,0.617,76,11932,50,0.55,LaptopDanHP
222.7,0.617,76,11932,50,0.55,LaptopDanHP
222.7,0.617,76,11932,50,0.55,LaptopDanHP
222.8,0.603,74.8,11932,49.9,0.56,LaptopDanHP
222.8,0.603,74.8,11932,49.9,0.56,LaptopDanHP
222.8,0.603,74.8,11932,49.9,0.56,LaptopDanHP
222.8,0.603,74.8,11932,50,0.56,LaptopDanHP
222.8,0.603,74.8,11932,50,0.56,LaptopDanHP
222.8,0.603,74.8,11932,50,0.56,LaptopDanHP
222.8,0.603,74.8,11932,50,0.56,LaptopDanHP
222.8,0.603,74.8,11932,50,0.56,LaptopDanHP
222.8,0.603,74.8,11932,49.9,0.56,LaptopDanHP
222.8,0.603,74.8,11932,49.9,0.56,LaptopDanHP
222.7,0.605,74.6,11932,50,0.55,LaptopDanHP
222.7,0.605,74.6,11932,50,0.55,LaptopDanHP
222.7,0.605,74.6,11932,50,0.55,LaptopDanHP
222.7,0.605,74.6,11932,49.9,0.55,LaptopDanHP
222.7,0.605,74.6,11932,49.9,0.55,LaptopDanHP
222.7,0.605,74.6,11932,49.9,0.55,LaptopDanHP
222.7,0.605,74.6,11932,49.9,0.55,LaptopDanHP
222.7,0.605,74.6,11932,50,0.55,LaptopDanHP
222.7,0.605,74.6,11932,50,0.55,LaptopDanHP
222.7,0.605,74.6,11932,50,0.55,LaptopDanHP
222.6,0.614,75.8,11932,50,0.55,LaptopDanHP
222.6,0.614,75.8,11932,50,0.55,LaptopDanHP
222.6,0.614,75.8,11932,49.9,0.55,LaptopDanHP
222.6,0.614,75.8,11932,50,0.55,LaptopDanHP
222.6,0.614,75.8,11932,50,0.55,LaptopDanHP
222.6,0.614,75.8,11932,50,0.55,LaptopDanHP
222.6,0.614,75.8,11932,50,0.55,LaptopDanHP
222.6,0.614,75.8,11932,50,0.55,LaptopDanHP
222.6,0.614,75.8,11932,50,0.55,LaptopDanHP
222.6,0.614,75.8,11932,50,0.55,LaptopDanHP
223,0.592,72.8,11932,50,0.55,LaptopDanHP
223,0.592,72.8,11932,50,0.55,LaptopDanHP
223,0.592,72.8,11932,50,0.55,LaptopDanHP
223,0.592,72.8,11932,50,0.55,LaptopDanHP
223,0.592,72.8,11932,50,0.55,LaptopDanHP
223,0.592,72.8,11932,49.9,0.55,LaptopDanHP
223,0.592,72.8,11932,49.9,0.55,LaptopDanHP
223,0.592,72.8,11932,50,0.55,LaptopDanHP
223,0.592,72.8,11932,50,0.55,LaptopDanHP
223,0.592,72.8,11932,50,0.55,LaptopDanHP
223,0.592,72.8,11932,50,0.55,LaptopDanHP
223,0.592,72.8,11932,50,0.55,LaptopDanHP
222.8,0.609,74.8,11932,50,0.55,LaptopDanHP
222.8,0.609,74.8,11932,49.9,0.55,LaptopDanHP
222.8,0.609,74.8,11932,49.9,0.55,LaptopDanHP
222.8,0.609,74.8,11932,50,0.55,LaptopDanHP
222.8,0.609,74.8,11932,50,0.55,LaptopDanHP
222.8,0.609,74.8,11932,50,0.55,LaptopDanHP
222.8,0.609,74.8,11932,50,0.55,LaptopDanHP
222.8,0.609,74.8,11932,50,0.55,LaptopDanHP
222.8,0.609,74.8,11932,50,0.55,LaptopDanHP
222.8,0.609,74.8,11932,50,0.55,LaptopDanHP
222.8,0.626,77.8,11932,49.9,0.56,LaptopDanHP
222.8,0.626,77.8,11932,50,0.56,LaptopDanHP
222.8,0.626,77.8,11932,50,0.56,LaptopDanHP
222.8,0.626,77.8,11932,50,0.56,LaptopDanHP
222.8,0.626,77.8,11932,50,0.56,LaptopDanHP
222.8,0.626,77.8,11932,50,0.56,LaptopDanHP
222.8,0.626,77.8,11932,49.9,0.56,LaptopDanHP
222.8,0.626,77.8,11932,49.9,0.56,LaptopDanHP
222.8,0.626,77.8,11932,49.9,0.56,LaptopDanHP
222.8,0.626,77.8,11932,49.9,0.56,LaptopDanHP
222.8,0.6,73.2,11932,50,0.55,LaptopDanHP
222.8,0.6,73.2,11932,50,0.55,LaptopDanHP
222.8,0.6,73.2,11932,50,0.55,LaptopDanHP
222.8,0.6,73.2,11932,50,0.55,LaptopDanHP
222.8,0.6,73.2,11932,50,0.55,LaptopDanHP
222.8,0.6,73.2,11932,49.9,0.55,LaptopDanHP
222.8,0.6,73.2,11932,49.9,0.55,LaptopDanHP
222.8,0.6,73.2,11932,49.9,0.55,LaptopDanHP
222.8,0.6,73.2,11932,50,0.55,LaptopDanHP
222.8,0.6,73.2,11932,50,0.55,LaptopDanHP
222.8,0.616,75.8,11932,50,0.55,LaptopDanHP
222.8,0.616,75.8,11932,50,0.55,LaptopDanHP
222.8,0.616,75.8,11932,50,0.55,LaptopDanHP
222.8,0.616,75.8,11932,50,0.55,LaptopDanHP
222.8,0.616,75.8,11932,50,0.55,LaptopDanHP
222.8,0.616,75.8,11932,50,0.55,LaptopDanHP
222.8,0.616,75.8,11932,49.9,0.55,LaptopDanHP
222.8,0.616,75.8,11932,49.9,0.55,LaptopDanHP
222.8,0.616,75.8,11932,50,0.55,LaptopDanHP
222.8,0.616,75.8,11932,50,0.55,LaptopDanHP
222.8,0.616,75.8,11932,50,0.55,LaptopDanHP
222.7,0.6,73.5,11932,50,0.55,LaptopDanHP
222.7,0.6,73.5,11932,50,0.55,LaptopDanHP
222.7,0.6,73.5,11932,50,0.55,LaptopDanHP
222.7,0.6,73.5,11932,50,0.55,LaptopDanHP
222.7,0.6,73.5,11932,50,0.55,LaptopDanHP
222.7,0.6,73.5,11932,49.9,0.55,LaptopDanHP
222.7,0.6,73.5,11932,49.9,0.55,LaptopDanHP
222.7,0.6,73.5,11932,49.9,0.55,LaptopDanHP
222.7,0.6,73.5,11932,49.9,0.55,LaptopDanHP
222.7,0.6,73.5,11932,50,0.55,LaptopDanHP
223,0.62,76.9,11932,50,0.56,LaptopDanHP
223,0.62,76.9,11932,50,0.56,LaptopDanHP
223,0.62,76.9,11932,50,0.56,LaptopDanHP
223,0.62,76.9,11932,50,0.56,LaptopDanHP
223,0.62,76.9,11932,50,0.56,LaptopDanHP
223,0.62,76.9,11932,49.9,0.56,LaptopDanHP
223,0.62,76.9,11932,49.9,0.56,LaptopDanHP
223,0.62,76.9,11932,49.9,0.56,LaptopDanHP
223,0.62,76.9,11932,49.9,0.56,LaptopDanHP
223,0.62,76.9,11932,50,0.56,LaptopDanHP
222.7,0.613,75.4,11932,50,0.55,LaptopDanHP
222.7,0.613,75.4,11932,50,0.55,LaptopDanHP
222.7,0.613,75.4,11932,50,0.55,LaptopDanHP
222.7,0.613,75.4,11932,50,0.55,LaptopDanHP
222.7,0.613,75.4,11932,50,0.55,LaptopDanHP
222.7,0.613,75.4,11932,50,0.55,LaptopDanHP
222.7,0.613,75.4,11932,50,0.55,LaptopDanHP
222.7,0.613,75.4,11932,50,0.55,LaptopDanHP
222.7,0.613,75.4,11932,50,0.55,LaptopDanHP
222.7,0.613,75.4,11932,50,0.55,LaptopDanHP
222.8,0.625,77.3,11932,49.9,0.56,LaptopDanHP
222.8,0.625,77.3,11932,49.9,0.56,LaptopDanHP
222.8,0.625,77.3,11932,50,0.56,LaptopDanHP
222.8,0.625,77.3,11932,50,0.56,LaptopDanHP
222.8,0.625,77.3,11932,50,0.56,LaptopDanHP
222.8,0.625,77.3,11932,50,0.56,LaptopDanHP
222.8,0.625,77.3,11932,50,0.56,LaptopDanHP
222.8,0.625,77.3,11932,50,0.56,LaptopDanHP
222.8,0.625,77.3,11932,50,0.56,LaptopDanHP
222.8,0.625,77.3,11932,50,0.56,LaptopDanHP
222.8,0.625,77.3,11932,49.9,0.56,LaptopDanHP
222.8,0.625,77.3,11932,49.9,0.56,LaptopDanHP
222.8,0.622,77.4,11932,49.9,0.56,LaptopDanHP
222.8,0.622,77.4,11932,49.9,0.56,LaptopDanHP
222.8,0.622,77.4,11932,50,0.56,LaptopDanHP
222.8,0.622,77.4,11932,50,0.56,LaptopDanHP
222.8,0.622,77.4,11932,50,0.56,LaptopDanHP
222.8,0.622,77.4,11932,50,0.56,LaptopDanHP
222.8,0.622,77.4,11932,50,0.56,LaptopDanHP
222.8,0.622,77.4,11932,50,0.56,LaptopDanHP
222.8,0.622,77.4,11932,49.9,0.56,LaptopDanHP
222.8,0.622,77.4,11932,49.9,0.56,LaptopDanHP
222.8,0.599,73.4,11932,49.9,0.55,LaptopDanHP
222.8,0.599,73.4,11932,49.9,0.55,LaptopDanHP
222.8,0.599,73.4,11932,50,0.55,LaptopDanHP
222.8,0.599,73.4,11932,50,0.55,LaptopDanHP
222.8,0.599,73.4,11932,50,0.55,LaptopDanHP
222.8,0.599,73.4,11932,50,0.55,LaptopDanHP
222.8,0.599,73.4,11932,50,0.55,LaptopDanHP
222.8,0.599,73.4,11932,49.9,0.55,LaptopDanHP
222.8,0.599,73.4,11932,49.9,0.55,LaptopDanHP
222.8,0.599,73.4,11932,49.9,0.55,LaptopDanHP
222.7,0.62,76.2,11932,50,0.55,LaptopDanHP
222.7,0.62,76.2,11932,50,0.55,LaptopDanHP
222.7,0.62,76.2,11932,49.9,0.55,LaptopDanHP
222.7,0.62,76.2,11932,49.9,0.55,LaptopDanHP
222.7,0.62,76.2,11932,49.9,0.55,LaptopDanHP
222.7,0.62,76.2,11932,50,0.55,LaptopDanHP
222.7,0.62,76.2,11932,50,0.55,LaptopDanHP
222.7,0.62,76.2,11932,50,0.55,LaptopDanHP
222.7,0.62,76.2,11932,49.9,0.55,LaptopDanHP
222.7,0.62,76.2,11932,49.9,0.55,LaptopDanHP
222.8,0.616,77,11932,50,0.56,LaptopDanHP
222.8,0.616,77,11932,50,0.56,LaptopDanHP
222.8,0.616,77,11932,50,0.56,LaptopDanHP
222.8,0.616,77,11932,49.9,0.56,LaptopDanHP
222.8,0.616,77,11932,49.9,0.56,LaptopDanHP
222.8,0.616,77,11932,50,0.56,LaptopDanHP
222.8,0.616,77,11932,50,0.56,LaptopDanHP
222.8,0.616,77,11932,50,0.56,LaptopDanHP
222.8,0.616,77,11932,49.9,0.56,LaptopDanHP
222.8,0.616,77,11932,49.9,0.56,LaptopDanHP
222.8,0.616,74.7,11932,49.9,0.54,LaptopDanHP
222.8,0.616,74.7,11932,49.9,0.54,LaptopDanHP
223,0.611,74.7,11932,49.9,0.55,LaptopDanHP
223,0.611,74.7,11932,50,0.55,LaptopDanHP
223,0.611,74.7,11932,50,0.55,LaptopDanHP
223,0.611,74.7,11932,50,0.55,LaptopDanHP
223,0.611,74.7,11932,50,0.55,LaptopDanHP
223,0.611,74.7,11932,49.9,0.55,LaptopDanHP
223,0.611,74.7,11932,49.9,0.55,LaptopDanHP
223,0.611,74.7,11932,49.9,0.55,LaptopDanHP
223,0.611,74.7,11932,49.9,0.55,LaptopDanHP
223,0.611,74.7,11932,49.9,0.55,LaptopDanHP
222.8,0.615,75.9,11932,50,0.55,LaptopDanHP
222.8,0.615,75.9,11932,50,0.55,LaptopDanHP
222.8,0.615,75.9,11932,50,0.55,LaptopDanHP
222.8,0.615,75.9,11932,49.9,0.55,LaptopDanHP
222.8,0.615,75.9,11932,49.9,0.55,LaptopDanHP
222.8,0.615,75.9,11932,49.9,0.55,LaptopDanHP
222.8,0.615,75.9,11932,49.9,0.55,LaptopDanHP
222.8,0.615,75.9,11932,49.9,0.55,LaptopDanHP
222.8,0.615,75.9,11932,49.9,0.55,LaptopDanHP
222.8,0.615,75.9,11932,49.9,0.55,LaptopDanHP
222.8,0.617,76.5,11932,49.9,0.56,LaptopDanHP
222.8,0.617,76.5,11932,49.9,0.56,LaptopDanHP
222.8,0.617,76.5,11932,49.9,0.56,LaptopDanHP
222.8,0.617,76.5,11932,50,0.56,LaptopDanHP
222.8,0.617,76.5,11932,50,0.56,LaptopDanHP
222.8,0.617,76.5,11932,50,0.56,LaptopDanHP
222.8,0.617,76.5,11932,49.9,0.56,LaptopDanHP
222.8,0.617,76.5,11932,49.9,0.56,LaptopDanHP
222.8,0.617,76.5,11932,49.9,0.56,LaptopDanHP
222.8,0.617,76.5,11932,49.9,0.56,LaptopDanHP
222.8,0.595,72.5,11932,49.9,0.55,LaptopDanHP
222.8,0.595,72.5,11932,49.9,0.55,LaptopDanHP
222.8,0.595,72.5,11932,49.9,0.55,LaptopDanHP
222.8,0.595,72.5,11932,49.9,0.55,LaptopDanHP
222.8,0.595,72.5,11932,49.9,0.55,LaptopDanHP
222.8,0.595,72.5,11932,49.9,0.55,LaptopDanHP
222.8,0.595,72.5,11932,49.9,0.55,LaptopDanHP
222.8,0.595,72.5,11932,49.9,0.55,LaptopDanHP
222.8,0.595,72.5,11932,49.9,0.55,LaptopDanHP
223,0.616,76,11932,49.9,0.55,LaptopDanHP
223,0.616,76,11932,49.9,0.55,LaptopDanHP
223,0.616,76,11932,49.9,0.55,LaptopDanHP
223,0.616,76,11932,49.9,0.55,LaptopDanHP
223,0.616,76,11932,49.9,0.55,LaptopDanHP
223,0.616,76,11932,49.9,0.55,LaptopDanHP
223,0.616,76,11932,49.9,0.55,LaptopDanHP
223,0.616,76,11932,49.9,0.55,LaptopDanHP
223,0.616,76,11932,49.9,0.55,LaptopDanHP
223,0.616,76,11932,49.9,0.55,LaptopDanHP
223,0.616,76,11932,49.9,0.55,LaptopDanHP
223,0.616,76,11932,49.9,0.55,LaptopDanHP
222.7,0.606,74.8,11932,49.9,0.55,LaptopDanHP
222.7,0.606,74.8,11932,49.9,0.55,LaptopDanHP
222.7,0.606,74.8,11932,49.9,0.55,LaptopDanHP
222.7,0.606,74.8,11932,50,0.55,LaptopDanHP
222.7,0.606,74.8,11932,50,0.55,LaptopDanHP
222.7,0.606,74.8,11932,50,0.55,LaptopDanHP
222.7,0.606,74.8,11932,50,0.55,LaptopDanHP
222.7,0.606,74.8,11932,49.9,0.55,LaptopDanHP
222.7,0.606,74.8,11932,49.9,0.55,LaptopDanHP
222.7,0.606,74.8,11932,49.9,0.55,LaptopDanHP
222.7,0.596,72.5,11932,49.9,0.55,LaptopDanHP
222.7,0.596,72.5,11932,49.9,0.55,LaptopDanHP
222.7,0.596,72.5,11932,49.9,0.55,LaptopDanHP
222.7,0.596,72.5,11932,49.9,0.55,LaptopDanHP
222.7,0.596,72.5,11932,49.9,0.55,LaptopDanHP
222.7,0.596,72.5,11932,49.9,0.55,LaptopDanHP
222.7,0.596,72.5,11932,49.9,0.55,LaptopDanHP
222.7,0.596,72.5,11932,49.9,0.55,LaptopDanHP
222.7,0.596,72.5,11932,49.9,0.55,LaptopDanHP
222.7,0.596,72.5,11932,49.9,0.55,LaptopDanHP
222.8,0.637,79.4,11932,49.9,0.56,LaptopDanHP
222.8,0.637,79.4,11932,49.9,0.56,LaptopDanHP
222.8,0.637,79.4,11932,49.9,0.56,LaptopDanHP
222.8,0.637,79.4,11932,50,0.56,LaptopDanHP
222.8,0.637,79.4,11932,50,0.56,LaptopDanHP
222.8,0.637,79.4,11932,49.9,0.56,LaptopDanHP
222.8,0.637,79.4,11932,49.9,0.56,LaptopDanHP
222.8,0.637,79.4,11932,49.9,0.56,LaptopDanHP
222.8,0.637,79.4,11932,49.9,0.56,LaptopDanHP
222.8,0.637,79.4,11932,49.9,0.56,LaptopDanHP
222.8,0.584,71.6,11932,49.9,0.55,LaptopDanHP
222.8,0.584,71.6,11932,49.9,0.55,LaptopDanHP
222.8,0.584,71.6,11932,49.9,0.55,LaptopDanHP
222.8,0.584,71.6,11932,50,0.55,LaptopDanHP
222.8,0.584,71.6,11932,50,0.55,LaptopDanHP
222.8,0.584,71.6,11932,50,0.55,LaptopDanHP
222.8,0.584,71.6,11932,50,0.55,LaptopDanHP
222.8,0.584,71.6,11932,50,0.55,LaptopDanHP
222.8,0.584,71.6,11932,49.9,0.55,LaptopDanHP
222.8,0.584,71.6,11932,49.9,0.55,LaptopDanHP
222.8,0.584,71.6,11932,49.9,0.55,LaptopDanHP
222.8,0.584,71.6,11932,49.9,0.55,LaptopDanHP
223,0.617,75.8,11932,49.9,0.55,LaptopDanHP
223,0.617,75.8,11932,49.9,0.55,LaptopDanHP
223,0.617,75.8,11932,49.9,0.55,LaptopDanHP
223,0.617,75.8,11932,50,0.55,LaptopDanHP
223,0.617,75.8,11932,50,0.55,LaptopDanHP
223,0.617,75.8,11932,49.9,0.55,LaptopDanHP
223,0.617,75.8,11932,49.9,0.55,LaptopDanHP
223,0.617,75.8,11932,49.9,0.55,LaptopDanHP
223,0.617,75.8,11932,49.9,0.55,LaptopDanHP
223,0.617,75.8,11932,49.9,0.55,LaptopDanHP
223.1,0.6,73.6,11932,50,0.55,LaptopDanHP
223.1,0.6,73.6,11932,50,0.55,LaptopDanHP
223.1,0.6,73.6,11932,50,0.55,LaptopDanHP
223.1,0.6,73.6,11932,49.9,0.55,LaptopDanHP
223.1,0.6,73.6,11932,49.9,0.55,LaptopDanHP
223.1,0.6,73.6,11932,49.9,0.55,LaptopDanHP
223.1,0.6,73.6,11932,49.9,0.55,LaptopDanHP
223.1,0.6,73.6,11932,49.9,0.55,LaptopDanHP
223.1,0.6,73.6,11932,50,0.55,LaptopDanHP
223.1,0.6,73.6,11932,50,0.55,LaptopDanHP
222.9,0.581,71.1,11932,50,0.55,LaptopDanHP
222.9,0.581,71.1,11932,49.9,0.55,LaptopDanHP
222.9,0.581,71.1,11932,49.9,0.55,LaptopDanHP
222.9,0.581,71.1,11932,50,0.55,LaptopDanHP
222.9,0.581,71.1,11932,50,0.55,LaptopDanHP
222.9,0.581,71.1,11932,50,0.55,LaptopDanHP
222.9,0.581,71.1,11932,49.9,0.55,LaptopDanHP
222.9,0.581,71.1,11932,49.9,0.55,LaptopDanHP
222.9,0.581,71.1,11932,49.9,0.55,LaptopDanHP
223,0.613,74.9,11932,50,0.55,LaptopDanHP
223,0.613,74.9,11932,50,0.55,LaptopDanHP
223,0.613,74.9,11932,50,0.55,LaptopDanHP
223,0.613,74.9,11932,50,0.55,LaptopDanHP
223,0.613,74.9,11932,50,0.55,LaptopDanHP
223,0.613,74.9,11932,49.9,0.55,LaptopDanHP
223,0.613,74.9,11932,49.9,0.55,LaptopDanHP
223,0.613,74.9,11932,50,0.55,LaptopDanHP
223,0.613,74.9,11932,50,0.55,LaptopDanHP
223,0.613,74.9,11932,50,0.55,LaptopDanHP
223,0.613,74.9,11932,49.9,0.55,LaptopDanHP
223,0.613,74.9,11932,49.9,0.55,LaptopDanHP
222.9,0.595,72.7,11932,49.9,0.55,LaptopDanHP
222.9,0.595,72.7,11932,49.9,0.55,LaptopDanHP
222.9,0.595,72.7,11932,50,0.55,LaptopDanHP
222.9,0.595,72.7,11932,49.9,0.55,LaptopDanHP
222.9,0.595,72.7,11932,49.9,0.55,LaptopDanHP
222.9,0.595,72.7,11932,49.9,0.55,LaptopDanHP
222.9,0.595,72.7,11932,49.9,0.55,LaptopDanHP
222.9,0.595,72.7,11932,50,0.55,LaptopDanHP
222.9,0.595,72.7,11932,49.9,0.55,LaptopDanHP
222.9,0.595,72.7,11932,49.9,0.55,LaptopDanHP
223.2,0.601,73.8,11932,49.9,0.55,LaptopDanHP
223.2,0.601,73.8,11932,49.9,0.55,LaptopDanHP
223.2,0.601,73.8,11932,49.9,0.55,LaptopDanHP
223.2,0.601,73.8,11932,49.9,0.55,LaptopDanHP
223.2,0.601,73.8,11932,49.9,0.55,LaptopDanHP
223.2,0.601,73.8,11932,50,0.55,LaptopDanHP
223.2,0.601,73.8,11932,50,0.55,LaptopDanHP
223.2,0.601,73.8,11932,49.9,0.55,LaptopDanHP
223.2,0.601,73.8,11932,49.9,0.55,LaptopDanHP
223.2,0.601,73.8,11932,49.9,0.55,LaptopDanHP
222.8,0.628,76.9,11932,50,0.55,LaptopDanHP
222.8,0.628,76.9,11932,50,0.55,LaptopDanHP
222.8,0.628,76.9,11932,50,0.55,LaptopDanHP
222.8,0.628,76.9,11932,49.9,0.55,LaptopDanHP
222.8,0.628,76.9,11932,49.9,0.55,LaptopDanHP
222.8,0.628,76.9,11932,49.9,0.55,LaptopDanHP
222.8,0.628,76.9,11932,49.9,0.55,LaptopDanHP
222.8,0.628,76.9,11932,49.9,0.55,LaptopDanHP
222.8,0.628,76.9,11932,50,0.55,LaptopDanHP
222.8,0.628,76.9,11932,50,0.55,LaptopDanHP
222.9,0.592,71.7,11932,49.9,0.54,LaptopDanHP
222.9,0.592,71.7,11932,49.9,0.54,LaptopDanHP
222.9,0.592,71.7,11932,49.9,0.54,LaptopDanHP
222.9,0.592,71.7,11932,50,0.54,LaptopDanHP
222.9,0.592,71.7,11932,50,0.54,LaptopDanHP
222.9,0.592,71.7,11932,50,0.54,LaptopDanHP
222.9,0.592,71.7,11932,50,0.54,LaptopDanHP
222.9,0.592,71.7,11932,49.9,0.54,LaptopDanHP
222.9,0.592,71.7,11932,49.9,0.54,LaptopDanHP
222.9,0.592,71.7,11932,49.9,0.54,LaptopDanHP
222.8,0.586,71.1,11932,49.9,0.54,LaptopDanHP
222.8,0.586,71.1,11932,49.9,0.54,LaptopDanHP
222.8,0.586,71.1,11932,50,0.54,LaptopDanHP
222.8,0.586,71.1,11932,49.9,0.54,LaptopDanHP
222.8,0.586,71.1,11932,49.9,0.54,LaptopDanHP
222.8,0.586,71.1,11932,49.9,0.54,LaptopDanHP
222.8,0.586,71.1,11932,49.9,0.54,LaptopDanHP
222.8,0.586,71.1,11932,49.9,0.54,LaptopDanHP
222.8,0.586,71.1,11932,49.9,0.54,LaptopDanHP
222.8,0.586,71.1,11932,49.9,0.54,LaptopDanHP
222.8,0.586,71.1,11932,50,0.54,LaptopDanHP
222.8,0.586,71.1,11932,50,0.54,LaptopDanHP
222.9,0.6,73.6,11932,49.9,0.55,LaptopDanHP
222.9,0.6,73.6,11932,49.9,0.55,LaptopDanHP
222.9,0.6,73.6,11932,49.9,0.55,LaptopDanHP
222.9,0.6,73.6,11932,50,0.55,LaptopDanHP
222.9,0.6,73.6,11932,50,0.55,LaptopDanHP
222.9,0.6,73.6,11932,50,0.55,LaptopDanHP
222.9,0.6,73.6,11932,50,0.55,LaptopDanHP
222.9,0.6,73.6,11932,50,0.55,LaptopDanHP
222.9,0.6,73.6,11933,49.9,0.55,LaptopDanHP
222.9,0.6,73.6,11933,49.9,0.55,LaptopDanHP
222.9,0.618,76,11933,49.9,0.55,LaptopDanHP
222.9,0.618,76,11933,50,0.55,LaptopDanHP
222.9,0.618,76,11933,50,0.55,LaptopDanHP
222.9,0.618,76,11933,50,0.55,LaptopDanHP
222.9,0.618,76,11933,50,0.55,LaptopDanHP
222.9,0.618,76,11933,50,0.55,LaptopDanHP
222.9,0.618,76,11933,49.9,0.55,LaptopDanHP
222.9,0.618,76,11933,49.9,0.55,LaptopDanHP
222.9,0.618,76,11933,50,0.55,LaptopDanHP
222.8,0.592,71.8,11933,50,0.54,LaptopDanHP
222.8,0.592,71.8,11933,50,0.54,LaptopDanHP
222.8,0.592,71.8,11933,49.9,0.54,LaptopDanHP
222.8,0.592,71.8,11933,49.9,0.54,LaptopDanHP
222.8,0.592,71.8,11933,49.9,0.54,LaptopDanHP
222.8,0.592,71.8,11933,49.9,0.54,LaptopDanHP
222.8,0.592,71.8,11933,49.9,0.54,LaptopDanHP
222.8,0.592,71.8,11933,50,0.54,LaptopDanHP
222.8,0.592,71.8,11933,50,0.54,LaptopDanHP
222.8,0.592,71.8,11933,50,0.54,LaptopDanHP
223,0.588,71.3,11933,49.9,0.54,LaptopDanHP
223,0.588,71.3,11933,49.9,0.54,LaptopDanHP
223,0.588,71.3,11933,49.9,0.54,LaptopDanHP
223,0.588,71.3,11933,49.9,0.54,LaptopDanHP
223,0.588,71.3,11933,49.9,0.54,LaptopDanHP
223,0.588,71.3,11933,50,0.54,LaptopDanHP
223,0.588,71.3,11933,50,0.54,LaptopDanHP
223,0.588,71.3,11933,50,0.54,LaptopDanHP
223,0.588,71.3,11933,50,0.54,LaptopDanHP
223,0.588,71.3,11933,49.9,0.54,LaptopDanHP
223,0.588,71.3,11933,50,0.54,LaptopDanHP
223,0.588,71.3,11933,50,0.54,LaptopDanHP
222.9,0.619,76.1,11933,50,0.55,LaptopDanHP
222.9,0.619,76.1,11933,50,0.55,LaptopDanHP
222.9,0.619,76.1,11933,49.9,0.55,LaptopDanHP
222.9,0.619,76.1,11933,49.9,0.55,LaptopDanHP
222.9,0.619,76.1,11933,49.9,0.55,LaptopDanHP
222.9,0.619,76.1,11933,49.9,0.55,LaptopDanHP
222.9,0.619,76.1,11933,49.9,0.55,LaptopDanHP
222.9,0.619,76.1,11933,50,0.55,LaptopDanHP
222.9,0.619,76.1,11933,50,0.55,LaptopDanHP
222.9,0.619,76.1,11933,50,0.55,LaptopDanHP
223,0.598,73.3,11933,49.9,0.55,LaptopDanHP
223,0.598,73.3,11933,49.9,0.55,LaptopDanHP
223,0.598,73.3,11933,50,0.55,LaptopDanHP
223,0.598,73.3,11933,50,0.55,LaptopDanHP
223,0.598,73.3,11933,50,0.55,LaptopDanHP
223,0.598,73.3,11933,49.9,0.55,LaptopDanHP
223,0.598,73.3,11933,49.9,0.55,LaptopDanHP
223,0.598,73.3,11933,49.9,0.55,LaptopDanHP
223,0.598,73.3,11933,49.9,0.55,LaptopDanHP
223,0.598,73.3,11933,49.9,0.55,LaptopDanHP
222.7,0.6,73.1,11933,50,0.55,LaptopDanHP
222.7,0.6,73.1,11933,50,0.55,LaptopDanHP
222.7,0.6,73.1,11933,50,0.55,LaptopDanHP
222.7,0.6,73.1,11933,49.9,0.55,LaptopDanHP
222.7,0.6,73.1,11933,49.9,0.55,LaptopDanHP
222.7,0.6,73.1,11933,49.9,0.55,LaptopDanHP
222.7,0.6,73.1,11933,49.9,0.55,LaptopDanHP
222.7,0.6,73.1,11933,49.9,0.55,LaptopDanHP
222.7,0.6,73.1,11933,50,0.55,LaptopDanHP
222.7,0.6,73.1,11933,50,0.55,LaptopDanHP
223.1,0.596,72.6,11933,50,0.55,LaptopDanHP
223.1,0.596,72.6,11933,50,0.55,LaptopDanHP
223.1,0.596,72.6,11933,49.9,0.55,LaptopDanHP
223.1,0.596,72.6,11933,50,0.55,LaptopDanHP
223.1,0.596,72.6,11933,50,0.55,LaptopDanHP
223.1,0.596,72.6,11933,50,0.55,LaptopDanHP
223.1,0.596,72.6,11933,50,0.55,LaptopDanHP
223.1,0.596,72.6,11933,49.9,0.55,LaptopDanHP
223.1,0.596,72.6,11933,49.9,0.55,LaptopDanHP
223.1,0.596,72.6,11933,49.9,0.55,LaptopDanHP
223.1,0.596,72.6,11933,49.9,0.55,LaptopDanHP
223.1,0.596,72.6,11933,49.9,0.55,LaptopDanHP
223.1,0.609,74.9,11933,50,0.55,LaptopDanHP
223.1,0.609,74.9,11933,50,0.55,LaptopDanHP
223.1,0.609,74.9,11933,50,0.55,LaptopDanHP
223.1,0.609,74.9,11933,49.9,0.55,LaptopDanHP
223.1,0.609,74.9,11933,49.9,0.55,LaptopDanHP
223.1,0.609,74.9,11933,50,0.55,LaptopDanHP
223.1,0.609,74.9,11933,50,0.55,LaptopDanHP
223.1,0.609,74.9,11933,50,0.55,LaptopDanHP
223.1,0.609,74.9,11933,49.9,0.55,LaptopDanHP
223.1,0.609,74.9,11933,49.9,0.55,LaptopDanHP
223.1,0.582,70.7,11933,50,0.54,LaptopDanHP
223.1,0.582,70.7,11933,50,0.54,LaptopDanHP
223.1,0.582,70.7,11933,50,0.54,LaptopDanHP
223.1,0.582,70.7,11933,49.9,0.54,LaptopDanHP
223.1,0.582,70.7,11933,49.9,0.54,LaptopDanHP
223.1,0.582,70.7,11933,49.9,0.54,LaptopDanHP
223.1,0.582,70.7,11933,50,0.54,LaptopDanHP
223.1,0.582,70.7,11933,50,0.54,LaptopDanHP
223.1,0.582,70.7,11933,49.9,0.54,LaptopDanHP
223.1,0.582,70.7,11933,49.9,0.54,LaptopDanHP
222.9,0.605,74,11933,49.9,0.55,LaptopDanHP
222.9,0.605,74,11933,50,0.55,LaptopDanHP
222.9,0.605,74,11933,50,0.55,LaptopDanHP
222.9,0.605,74,11933,50,0.55,LaptopDanHP
222.9,0.605,74,11933,49.9,0.55,LaptopDanHP
222.9,0.605,74,11933,49.9,0.55,LaptopDanHP
222.9,0.605,74,11933,50,0.55,LaptopDanHP
222.9,0.605,74,11933,50,0.55,LaptopDanHP
222.9,0.605,74,11933,50,0.55,LaptopDanHP
222.9,0.605,74,11933,50,0.55,LaptopDanHP
223.3,0.597,73.2,11933,49.9,0.55,LaptopDanHP
223.3,0.597,73.2,11933,50,0.55,LaptopDanHP
223.3,0.597,73.2,11933,50,0.55,LaptopDanHP
223.3,0.597,73.2,11933,50,0.55,LaptopDanHP
223.3,0.597,73.2,11933,49.9,0.55,LaptopDanHP
223.3,0.597,73.2,11933,49.9,0.55,LaptopDanHP
223.3,0.597,73.2,11933,49.9,0.55,LaptopDanHP
223.3,0.597,73.2,11933,49.9,0.55,LaptopDanHP
223.3,0.597,73.2,11933,50,0.55,LaptopDanHP
223.3,0.597,71.2,11933,50,0.53,LaptopDanHP
223.3,0.597,71.2,11933,50,0.53,LaptopDanHP
223.6,0.582,71.2,11933,50,0.55,LaptopDanHP
223.6,0.582,71.2,11933,50,0.55,LaptopDanHP
223.6,0.582,71.2,11933,49.9,0.55,LaptopDanHP
223.6,0.582,71.2,11933,50,0.55,LaptopDanHP
223.6,0.582,71.2,11933,50,0.55,LaptopDanHP
223.6,0.582,71.2,11933,50,0.55,LaptopDanHP
223.6,0.582,71.2,11933,50,0.55,LaptopDanHP
223.6,0.582,71.2,11933,50,0.55,LaptopDanHP
223.6,0.582,71.2,11933,50,0.55,LaptopDanHP
223.6,0.582,71.2,11933,50,0.55,LaptopDanHP
223.3,0.608,74.8,11933,49.9,0.55,LaptopDanHP
223.3,0.608,74.8,11933,49.9,0.55,LaptopDanHP
223.3,0.608,74.8,11933,50,0.55,LaptopDanHP
223.3,0.608,74.8,11933,50,0.55,LaptopDanHP
223.3,0.608,74.8,11933,50,0.55,LaptopDanHP
223.3,0.608,74.8,11933,50,0.55,LaptopDanHP
223.3,0.608,74.8,11933,50,0.55,LaptopDanHP
223.3,0.608,74.8,11933,50,0.55,LaptopDanHP
223.3,0.608,74.8,11933,50,0.55,LaptopDanHP
223.3,0.608,74.8,11933,50,0.55,LaptopDanHP
223.1,0.605,74.2,11933,49.9,0.55,LaptopDanHP
223.1,0.605,74.2,11933,49.9,0.55,LaptopDanHP
223.1,0.605,74.2,11933,49.9,0.55,LaptopDanHP
223.1,0.605,74.2,11933,50,0.55,LaptopDanHP
223.1,0.605,74.2,11933,50,0.55,LaptopDanHP
223.1,0.605,74.2,11933,50,0.55,LaptopDanHP
223.1,0.605,74.2,11933,50,0.55,LaptopDanHP
223.1,0.605,74.2,11933,50,0.55,LaptopDanHP
223.1,0.605,74.2,11933,49.9,0.55,LaptopDanHP
223.1,0.605,74.2,11933,49.9,0.55,LaptopDanHP
223.4,0.585,71.4,11933,50,0.55,LaptopDanHP
223.4,0.585,71.4,11933,50,0.55,LaptopDanHP
223.4,0.585,71.4,11933,50,0.55,LaptopDanHP
223.4,0.585,71.4,11933,50,0.55,LaptopDanHP
223.4,0.585,71.4,11933,50,0.55,LaptopDanHP
223.4,0.585,71.4,11933,50,0.55,LaptopDanHP
223.4,0.585,71.4,11933,49.9,0.55,LaptopDanHP
223.4,0.585,71.4,11933,49.9,0.55,LaptopDanHP
223.4,0.585,71.4,11933,50,0.55,LaptopDanHP
223.4,0.585,71.4,11933,50,0.55,LaptopDanHP
223.3,0.601,73.2,11933,50,0.55,LaptopDanHP
223.3,0.601,73.2,11933,50,0.55,LaptopDanHP
223.3,0.601,73.2,11933,50,0.55,LaptopDanHP
223.3,0.601,73.2,11933,50,0.55,LaptopDanHP
223.3,0.601,73.2,11933,50,0.55,LaptopDanHP
223.3,0.601,73.2,11933,50,0.55,LaptopDanHP
223.3,0.601,73.2,11933,49.9,0.55,LaptopDanHP
223.3,0.601,73.2,11933,49.9,0.55,LaptopDanHP
223.3,0.601,73.2,11933,49.9,0.55,LaptopDanHP
223.3,0.601,73.2,11933,49.9,0.55,LaptopDanHP
223.3,0.601,73.2,11933,50,0.55,LaptopDanHP
223.3,0.608,75.3,11933,50,0.55,LaptopDanHP
223.3,0.608,75.3,11933,50,0.55,LaptopDanHP
223.3,0.608,75.3,11933,50,0.55,LaptopDanHP
223.3,0.608,75.3,11933,50,0.55,LaptopDanHP
223.3,0.608,75.3,11933,49.9,0.55,LaptopDanHP
223.3,0.608,75.3,11933,49.9,0.55,LaptopDanHP
223.3,0.608,75.3,11933,49.9,0.55,LaptopDanHP
223.3,0.608,75.3,11933,50,0.55,LaptopDanHP
223.3,0.608,75.3,11933,50,0.55,LaptopDanHP
223.3,0.608,75.3,11933,50,0.55,LaptopDanHP
223.1,0.583,71,11933,50,0.55,LaptopDanHP
223.1,0.583,71,11933,50,0.55,LaptopDanHP
223.1,0.583,71,11933,49.9,0.55,LaptopDanHP
223.1,0.583,71,11933,49.9,0.55,LaptopDanHP
223.1,0.583,71,11933,50,0.55,LaptopDanHP
223.1,0.583,71,11933,50,0.55,LaptopDanHP
223.1,0.583,71,11933,50,0.55,LaptopDanHP
223.1,0.583,71,11933,50,0.55,LaptopDanHP
223.1,0.583,71,11933,50,0.55,LaptopDanHP
223.1,0.583,71,11933,50,0.55,LaptopDanHP
223.6,0.596,72.7,11933,50,0.55,LaptopDanHP
223.6,0.596,72.7,11933,50,0.55,LaptopDanHP
223.6,0.596,72.7,11933,49.9,0.55,LaptopDanHP
223.6,0.596,72.7,11933,49.9,0.55,LaptopDanHP
223.6,0.596,72.7,11933,49.9,0.55,LaptopDanHP
223.6,0.596,72.7,11933,50,0.55,LaptopDanHP
223.6,0.596,72.7,11933,50,0.55,LaptopDanHP
223.6,0.596,72.7,11933,50,0.55,LaptopDanHP
223.6,0.596,72.7,11933,50,0.55,LaptopDanHP
223.6,0.596,72.7,11933,50,0.55,LaptopDanHP
223.3,0.597,72.8,11933,49.9,0.55,LaptopDanHP
223.3,0.597,72.8,11933,49.9,0.55,LaptopDanHP
223.3,0.597,72.8,11933,49.9,0.55,LaptopDanHP
223.3,0.597,72.8,11933,49.9,0.55,LaptopDanHP
223.3,0.597,72.8,11933,50,0.55,LaptopDanHP
223.3,0.597,72.8,11933,50,0.55,LaptopDanHP
223.3,0.597,72.8,11933,50,0.55,LaptopDanHP
223.3,0.597,72.8,11933,50,0.55,LaptopDanHP
223.3,0.597,72.8,11933,50,0.55,LaptopDanHP
223.3,0.597,72.8,11933,49.9,0.55,LaptopDanHP
223.3,0.597,72.8,11933,50,0.55,LaptopDanHP
223.3,0.597,72.8,11933,50,0.55,LaptopDanHP
223.1,0.615,75.9,11933,50,0.55,LaptopDanHP
223.1,0.615,75.9,11933,50,0.55,LaptopDanHP
223.1,0.615,75.9,11933,49.9,0.55,LaptopDanHP
223.1,0.615,75.9,11933,49.9,0.55,LaptopDanHP
223.1,0.615,75.9,11933,49.9,0.55,LaptopDanHP
223.1,0.615,75.9,11933,50,0.55,LaptopDanHP
223.1,0.615,75.9,11933,50,0.55,LaptopDanHP
223.1,0.615,75.9,11933,50,0.55,LaptopDanHP
223.1,0.615,75.9,11933,50,0.55,LaptopDanHP
223.1,0.615,75.9,11933,50,0.55,LaptopDanHP
223.1,0.586,71,11933,49.9,0.54,LaptopDanHP
223.1,0.586,71,11933,49.9,0.54,LaptopDanHP
223.1,0.586,71,11933,50,0.54,LaptopDanHP
223.1,0.586,71,11933,50,0.54,LaptopDanHP
223.1,0.586,71,11933,50,0.54,LaptopDanHP
223.1,0.586,71,11933,50,0.54,LaptopDanHP
223.1,0.586,71,11933,50,0.54,LaptopDanHP
223.1,0.586,71,11933,50,0.54,LaptopDanHP
223.1,0.586,71,11933,49.9,0.54,LaptopDanHP
223.1,0.586,71,11933,49.9,0.54,LaptopDanHP
223.2,0.603,73.8,11933,50,0.55,LaptopDanHP
223.2,0.603,73.8,11933,50,0.55,LaptopDanHP
223.2,0.603,73.8,11933,50,0.55,LaptopDanHP
223.2,0.603,73.8,11933,50,0.55,LaptopDanHP
223.2,0.603,73.8,11933,50,0.55,LaptopDanHP
223.2,0.603,73.8,11933,50,0.55,LaptopDanHP
223.2,0.603,73.8,11933,50,0.55,LaptopDanHP
223.2,0.603,73.8,11933,49.9,0.55,LaptopDanHP
223.2,0.603,73.8,11933,50,0.55,LaptopDanHP
223.2,0.603,73.8,11933,50,0.55,LaptopDanHP
223.2,0.617,76.6,11933,50,0.56,LaptopDanHP
223.2,0.617,76.6,11933,50,0.56,LaptopDanHP
223.2,0.617,76.6,11933,50,0.56,LaptopDanHP
223.2,0.617,76.6,11933,49.9,0.56,LaptopDanHP
223.2,0.617,76.6,11933,49.9,0.56,LaptopDanHP
223.2,0.617,76.6,11933,49.9,0.56,LaptopDanHP
223.2,0.617,76.6,11933,50,0.56,LaptopDanHP
223.2,0.617,76.6,11933,50,0.56,LaptopDanHP
223.2,0.617,76.6,11933,50,0.56,LaptopDanHP
223.2,0.617,76.6,11933,50,0.56,LaptopDanHP
223.2,0.617,76.6,11933,50,0.56,LaptopDanHP
223.3,0.603,74,11933,49.9,0.55,LaptopDanHP
223.3,0.603,74,11933,49.9,0.55,LaptopDanHP
223.3,0.603,74,11933,49.9,0.55,LaptopDanHP
223.3,0.603,74,11933,49.9,0.55,LaptopDanHP
223.3,0.603,74,11933,50,0.55,LaptopDanHP
223.3,0.603,74,11933,49.9,0.55,LaptopDanHP
223.3,0.603,74,11933,49.9,0.55,LaptopDanHP
223.3,0.603,74,11933,49.9,0.55,LaptopDanHP
223.3,0.603,74,11933,49.9,0.55,LaptopDanHP
223.3,0.603,74,11933,50,0.55,LaptopDanHP
223.3,0.59,71.9,11933,50,0.55,LaptopDanHP
223.3,0.59,71.9,11933,50,0.55,LaptopDanHP
223.3,0.59,71.9,11933,50,0.55,LaptopDanHP
223.3,0.59,71.9,11933,50,0.55,LaptopDanHP
223.3,0.59,71.9,11933,49.9,0.55,LaptopDanHP
223.3,0.59,71.9,11933,49.9,0.55,LaptopDanHP
223.3,0.59,71.9,11933,49.9,0.55,LaptopDanHP
223.1,0.578,70.5,11933,50,0.55,LaptopDanHP
223.1,0.561,68,11933,49.9,0.54,LaptopDanHP
223.1,0.561,68,11933,50,0.54,LaptopDanHP
223.1,0.561,68,11933,50,0.54,LaptopDanHP
223.1,0.561,68,11933,50,0.54,LaptopDanHP
223.1,0.561,68,11933,50,0.54,LaptopDanHP
223.2,0.578,69.3,11933,49.9,0.54,LaptopDanHP
223.2,0.578,69.3,11933,50,0.54,LaptopDanHP
223.2,0.578,69.3,11933,50,0.54,LaptopDanHP
223.2,0.578,69.3,11933,50,0.54,LaptopDanHP
223.2,0.578,69.3,11933,50,0.54,LaptopDanHP
223.2,0.578,69.3,11933,49.9,0.54,LaptopDanHP
223.2,0.578,69.3,11933,49.9,0.54,LaptopDanHP
223.2,0.578,69.3,11933,49.9,0.54,LaptopDanHP
223.2,0.578,69.3,11933,50,0.54,LaptopDanHP
223.2,0.578,69.3,11933,50,0.54,LaptopDanHP
223.3,0.608,74.8,11933,50,0.55,LaptopDanHP
223.3,0.608,74.8,11933,50,0.55,LaptopDanHP
223.3,0.608,74.8,11933,50,0.55,LaptopDanHP
223.3,0.608,74.8,11933,49.9,0.55,LaptopDanHP
223.3,0.608,74.8,11933,49.9,0.55,LaptopDanHP
223.3,0.608,74.8,11933,50,0.55,LaptopDanHP
223.3,0.608,74.8,11933,50,0.55,LaptopDanHP
223.3,0.608,74.8,11933,50,0.55,LaptopDanHP
223.3,0.608,74.8,11933,50,0.55,LaptopDanHP
223.3,0.608,74.8,11933,50,0.55,LaptopDanHP
223.1,0.603,73.8,11933,50,0.55,LaptopDanHP
223.1,0.603,73.8,11933,49.9,0.55,LaptopDanHP
223.1,0.603,73.8,11933,49.9,0.55,LaptopDanHP
223.1,0.603,73.8,11933,50,0.55,LaptopDanHP
223.1,0.603,73.8,11933,50,0.55,LaptopDanHP
223.1,0.603,73.8,11933,50,0.55,LaptopDanHP
223.1,0.603,73.8,11933,50,0.55,LaptopDanHP
223.1,0.603,73.8,11933,50,0.55,LaptopDanHP
223.1,0.603,73.8,11933,49.9,0.55,LaptopDanHP
223.1,0.603,73.8,11933,49.9,0.55,LaptopDanHP
223.2,0.599,72.7,11933,49.9,0.54,LaptopDanHP
223.2,0.599,72.7,11933,50,0.54,LaptopDanHP
223.2,0.599,72.7,11933,50,0.54,LaptopDanHP
223.2,0.599,72.7,11933,50,0.54,LaptopDanHP
223.2,0.599,72.7,11933,50,0.54,LaptopDanHP
223.2,0.599,72.7,11933,50,0.54,LaptopDanHP
223.2,0.599,72.7,11933,49.9,0.54,LaptopDanHP
223.2,0.599,72.7,11933,49.9,0.54,LaptopDanHP
223.2,0.599,72.7,11933,49.9,0.54,LaptopDanHP
223.2,0.599,72.7,11933,49.9,0.54,LaptopDanHP
223.2,0.599,72.7,11933,50,0.54,LaptopDanHP
223.1,0.597,73.5,11933,50,0.55,LaptopDanHP
223.1,0.597,73.5,11933,50,0.55,LaptopDanHP
223.1,0.597,73.5,11933,50,0.55,LaptopDanHP
223.1,0.597,73.5,11933,50,0.55,LaptopDanHP
223.1,0.597,73.5,11933,49.9,0.55,LaptopDanHP
223.1,0.597,73.5,11933,49.9,0.55,LaptopDanHP
223.1,0.597,73.5,11933,49.9,0.55,LaptopDanHP
223.1,0.597,73.5,11933,50,0.55,LaptopDanHP
223.1,0.597,73.5,11933,50,0.55,LaptopDanHP
223.1,0.597,73.5,11933,50,0.55,LaptopDanHP
223.5,0.594,72.3,11933,50,0.54,LaptopDanHP
223.5,0.594,72.3,11933,50,0.54,LaptopDanHP
223.5,0.594,72.3,11933,49.9,0.54,LaptopDanHP
223.5,0.594,72.3,11933,49.9,0.54,LaptopDanHP
223.5,0.594,72.3,11933,50,0.54,LaptopDanHP
223.5,0.594,72.3,11933,50,0.54,LaptopDanHP
223.5,0.594,72.3,11933,50,0.54,LaptopDanHP
223.5,0.594,72.3,11933,49.9,0.54,LaptopDanHP
223.5,0.594,72.3,11933,49.9,0.54,LaptopDanHP
223.5,0.594,72.3,11933,49.9,0.54,LaptopDanHP
223.1,0.583,71.2,11933,50,0.55,LaptopDanHP
223.1,0.583,71.2,11933,50,0.55,LaptopDanHP
223.1,0.583,71.2,11933,50,0.55,LaptopDanHP
223.1,0.583,71.2,11933,50,0.55,LaptopDanHP
223.1,0.583,71.2,11933,50,0.55,LaptopDanHP
223.1,0.583,71.2,11933,50,0.55,LaptopDanHP
223.1,0.583,71.2,11933,50,0.55,LaptopDanHP
223.1,0.583,71.2,11933,50,0.55,LaptopDanHP
223.1,0.583,71.2,11933,50,0.55,LaptopDanHP
223.1,0.583,71.2,11933,50,0.55,LaptopDanHP
223.1,0.626,76.9,11933,49.9,0.55,LaptopDanHP
223.1,0.626,76.9,11933,49.9,0.55,LaptopDanHP
223.1,0.626,76.9,11933,49.9,0.55,LaptopDanHP
223.1,0.626,76.9,11933,50,0.55,LaptopDanHP
223.1,0.626,76.9,11933,50,0.55,LaptopDanHP
223.1,0.626,76.9,11933,49.9,0.55,LaptopDanHP
223.1,0.626,76.9,11933,49.9,0.55,LaptopDanHP
223.1,0.626,76.9,11933,49.9,0.55,LaptopDanHP
223.1,0.626,76.9,11933,50,0.55,LaptopDanHP
223.1,0.626,76.9,11933,50,0.55,LaptopDanHP
223.1,0.626,76.9,11933,50,0.55,LaptopDanHP
223.1,0.626,76.9,11933,50,0.55,LaptopDanHP
223.4,0.61,75,11933,49.9,0.55,LaptopDanHP
223.4,0.61,75,11933,50,0.55,LaptopDanHP
223.4,0.61,75,11933,50,0.55,LaptopDanHP
223.4,0.61,75,11933,50,0.55,LaptopDanHP
223.4,0.61,75,11933,50,0.55,LaptopDanHP
223.4,0.61,75,11933,50,0.55,LaptopDanHP
223.4,0.61,75,11933,49.9,0.55,LaptopDanHP
223.4,0.61,75,11933,49.9,0.55,LaptopDanHP
223.4,0.61,75,11933,49.9,0.55,LaptopDanHP
223.4,0.61,75,11933,49.9,0.55,LaptopDanHP
223.1,0.597,72.9,11933,50,0.55,LaptopDanHP
223.1,0.597,72.9,11933,50,0.55,LaptopDanHP
223.1,0.597,72.9,11933,50,0.55,LaptopDanHP
223.1,0.597,72.9,11933,49.9,0.55,LaptopDanHP
223.1,0.597,72.9,11933,49.9,0.55,LaptopDanHP
223.1,0.597,72.9,11933,50,0.55,LaptopDanHP
223.1,0.597,72.9,11933,50,0.55,LaptopDanHP
223.1,0.597,72.9,11933,50,0.55,LaptopDanHP
223.1,0.597,72.9,11933,50,0.55,LaptopDanHP
223.1,0.597,72.9,11933,50,0.55,LaptopDanHP
223.4,0.593,72.7,11933,49.9,0.55,LaptopDanHP
223.4,0.593,72.7,11933,49.9,0.55,LaptopDanHP
223.4,0.593,72.7,11933,49.9,0.55,LaptopDanHP
223.4,0.593,72.7,11933,50,0.55,LaptopDanHP
223.4,0.593,72.7,11933,50,0.55,LaptopDanHP
223.4,0.593,72.7,11934,50,0.55,LaptopDanHP
223.4,0.593,72.7,11934,49.9,0.55,LaptopDanHP
223.4,0.593,72.7,11934,49.9,0.55,LaptopDanHP
223.4,0.593,72.7,11934,50,0.55,LaptopDanHP
223.4,0.593,72.7,11934,50,0.55,LaptopDanHP
223,0.605,74,11934,50,0.55,LaptopDanHP
223,0.605,74,11934,50,0.55,LaptopDanHP
223,0.605,74,11934,50,0.55,LaptopDanHP
223,0.605,74,11934,49.9,0.55,LaptopDanHP
223,0.605,74,11934,49.9,0.55,LaptopDanHP
223,0.605,74,11934,49.9,0.55,LaptopDanHP
223,0.605,74,11934,50,0.55,LaptopDanHP
223,0.605,74,11934,50,0.55,LaptopDanHP
223,0.605,74,11934,50,0.55,LaptopDanHP
223,0.605,74,11934,50,0.55,LaptopDanHP
223,0.586,71.9,11934,49.9,0.55,LaptopDanHP
223.1,0.586,71.9,11934,50,0.55,LaptopDanHP
223.1,0.586,71.9,11934,50,0.55,LaptopDanHP
223.1,0.586,71.9,11934,50,0.55,LaptopDanHP
223.1,0.586,71.9,11934,50,0.55,LaptopDanHP
223.1,0.586,71.9,11934,49.9,0.55,LaptopDanHP
223.1,0.586,71.9,11934,50,0.55,LaptopDanHP
223.1,0.586,71.9,11934,50,0.55,LaptopDanHP
223.1,0.586,71.9,11934,50,0.55,LaptopDanHP
223.1,0.586,71.9,11934,50,0.55,LaptopDanHP
223.1,0.586,71.9,11934,50,0.55,LaptopDanHP
223.4,0.589,71.4,11934,50,0.54,LaptopDanHP
223.4,0.589,71.4,11934,50,0.54,LaptopDanHP
223.4,0.589,71.4,11934,49.9,0.54,LaptopDanHP
223.4,0.589,71.4,11934,49.9,0.54,LaptopDanHP
223.4,0.589,71.4,11934,50,0.54,LaptopDanHP
223.4,0.589,71.4,11934,50,0.54,LaptopDanHP
223.4,0.589,71.4,11934,50,0.54,LaptopDanHP
223.4,0.589,71.4,11934,49.9,0.54,LaptopDanHP
223.4,0.589,71.4,11934,49.9,0.54,LaptopDanHP
223.4,0.589,71.4,11934,49.9,0.54,LaptopDanHP
223.3,0.608,75.3,11934,50,0.55,LaptopDanHP
223.3,0.608,75.3,11934,50,0.55,LaptopDanHP
223.3,0.608,75.3,11934,49.9,0.55,LaptopDanHP
223.3,0.608,75.3,11934,49.9,0.55,LaptopDanHP
223.3,0.608,75.3,11934,49.9,0.55,LaptopDanHP
223.3,0.608,75.3,11934,50,0.55,LaptopDanHP
223.3,0.608,75.3,11934,50,0.55,LaptopDanHP
223.3,0.608,75.3,11934,50,0.55,LaptopDanHP
223.3,0.608,75.3,11934,50,0.55,LaptopDanHP
223.3,0.608,75.3,11934,50,0.55,LaptopDanHP
223.1,0.595,73.4,11934,49.9,0.55,LaptopDanHP
223.1,0.595,73.4,11934,49.9,0.55,LaptopDanHP
223.1,0.595,73.4,11934,49.9,0.55,LaptopDanHP
223.1,0.595,73.4,11934,49.9,0.55,LaptopDanHP
223.1,0.595,73.4,11934,50,0.55,LaptopDanHP
223.1,0.595,73.4,11934,49.9,0.55,LaptopDanHP
223.1,0.595,73.4,11934,49.9,0.55,LaptopDanHP
223.1,0.595,73.4,11934,50,0.55,LaptopDanHP
223.1,0.599,73,11934,50,0.55,LaptopDanHP
223.1,0.599,73,11934,50,0.55,LaptopDanHP
223.1,0.599,73,11934,50,0.55,LaptopDanHP
223.1,0.599,73,11934,50,0.55,LaptopDanHP
223.1,0.599,73,11934,49.9,0.55,LaptopDanHP
223.1,0.599,73,11934,49.9,0.55,LaptopDanHP
223.1,0.599,73,11934,49.9,0.55,LaptopDanHP
223.1,0.599,73,11934,50,0.55,LaptopDanHP
223.1,0.599,73,11934,50,0.55,LaptopDanHP
223.1,0.599,73,11934,50,0.55,LaptopDanHP
223.1,0.599,73,11934,50,0.55,LaptopDanHP
223.1,0.599,73,11934,50,0.55,LaptopDanHP
223.2,0.61,75.6,11934,49.9,0.56,LaptopDanHP
223.2,0.61,75.6,11934,49.9,0.56,LaptopDanHP
223.2,0.61,75.6,11934,50,0.56,LaptopDanHP
223.2,0.61,75.6,11934,50,0.56,LaptopDanHP
223.2,0.61,75.6,11934,50,0.56,LaptopDanHP
223.2,0.61,75.6,11934,50,0.56,LaptopDanHP
223.2,0.61,75.6,11934,50,0.56,LaptopDanHP
223.2,0.61,75.6,11934,50,0.56,LaptopDanHP
223.2,0.61,75.6,11934,50,0.56,LaptopDanHP
223.2,0.61,75.6,11934,50,0.56,LaptopDanHP
223.2,0.593,72.4,11934,49.9,0.55,LaptopDanHP
223.2,0.593,72.4,11934,49.9,0.55,LaptopDanHP
223.2,0.593,72.4,11934,49.9,0.55,LaptopDanHP
223.2,0.593,72.4,11934,50,0.55,LaptopDanHP
223.2,0.593,72.4,11934,50,0.55,LaptopDanHP
223.2,0.593,72.4,11934,50,0.55,LaptopDanHP
223.2,0.593,72.4,11934,50,0.55,LaptopDanHP
223.2,0.593,72.4,11934,50,0.55,LaptopDanHP
223.2,0.593,72.4,11934,50,0.55,LaptopDanHP
223.2,0.593,72.4,11934,50,0.55,LaptopDanHP
223.1,0.601,73.4,11934,50,0.55,LaptopDanHP
223.1,0.601,73.4,11934,50,0.55,LaptopDanHP
223.1,0.601,73.4,11934,50,0.55,LaptopDanHP
223.1,0.601,73.4,11934,50,0.55,LaptopDanHP
223.1,0.601,73.4,11934,50,0.55,LaptopDanHP
223.1,0.601,73.4,11934,50,0.55,LaptopDanHP
223.1,0.601,73.4,11934,50,0.55,LaptopDanHP
223.1,0.601,73.4,11934,50,0.55,LaptopDanHP
223.1,0.601,73.4,11934,50,0.55,LaptopDanHP
223.1,0.601,73.4,11934,50,0.55,LaptopDanHP
223.3,0.589,72.5,11934,50,0.55,LaptopDanHP
223.3,0.589,72.5,11934,50,0.55,LaptopDanHP
223.3,0.589,72.5,11934,50,0.55,LaptopDanHP
223.3,0.589,72.5,11934,50,0.55,LaptopDanHP
223.3,0.589,72.5,11934,50,0.55,LaptopDanHP
223.3,0.589,72.5,11934,49.9,0.55,LaptopDanHP
223.3,0.589,72.5,11934,49.9,0.55,LaptopDanHP
223.3,0.589,72.5,11934,50,0.55,LaptopDanHP
223.3,0.589,72.5,11934,50,0.55,LaptopDanHP
223.3,0.589,72.5,11934,50,0.55,LaptopDanHP
223.3,0.589,72.5,11934,50,0.55,LaptopDanHP
223.3,0.589,72.5,11934,50,0.55,LaptopDanHP
223.3,0.611,74.9,11934,50,0.55,LaptopDanHP
223.3,0.611,74.9,11934,50,0.55,LaptopDanHP
223.3,0.611,74.9,11934,50,0.55,LaptopDanHP
223.3,0.611,74.9,11934,50,0.55,LaptopDanHP
223.3,0.611,74.9,11934,50,0.55,LaptopDanHP
223.3,0.611,74.9,11934,50,0.55,LaptopDanHP
223.3,0.611,74.9,11934,50,0.55,LaptopDanHP
223.3,0.611,74.9,11934,50,0.55,LaptopDanHP
223.3,0.611,74.9,11934,50,0.55,LaptopDanHP
223.3,0.611,74.9,11934,50,0.55,LaptopDanHP
223.1,0.601,73.6,11934,50,0.55,LaptopDanHP
223.1,0.601,73.6,11934,50,0.55,LaptopDanHP
223.1,0.601,73.6,11934,50,0.55,LaptopDanHP
223.1,0.601,73.6,11934,50,0.55,LaptopDanHP
223.1,0.601,73.6,11934,50,0.55,LaptopDanHP
223.1,0.601,73.6,11934,50,0.55,LaptopDanHP
223.1,0.601,73.6,11934,50,0.55,LaptopDanHP
223.1,0.601,73.6,11934,50,0.55,LaptopDanHP
223.1,0.601,73.6,11934,50,0.55,LaptopDanHP
223.1,0.601,73.6,11934,50,0.55,LaptopDanHP
223.1,0.583,71.2,11934,50,0.55,LaptopDanHP
223.1,0.583,71.2,11934,50,0.55,LaptopDanHP
223.1,0.583,71.2,11934,50,0.55,LaptopDanHP
223.1,0.583,71.2,11934,50,0.55,LaptopDanHP
223.1,0.583,71.2,11934,49.9,0.55,LaptopDanHP
223.1,0.583,71.2,11934,49.9,0.55,LaptopDanHP
223.1,0.583,71.2,11934,49.9,0.55,LaptopDanHP
223.1,0.583,71.2,11934,49.9,0.55,LaptopDanHP
223.1,0.583,71.2,11934,50,0.55,LaptopDanHP
223.1,0.592,72.2,11934,50,0.55,LaptopDanHP
223.1,0.592,72.2,11934,50,0.55,LaptopDanHP
223.1,0.592,72.2,11934,50,0.55,LaptopDanHP
223.1,0.592,72.2,11934,50,0.55,LaptopDanHP
223.1,0.592,72.2,11934,50,0.55,LaptopDanHP
223.1,0.592,72.2,11934,50,0.55,LaptopDanHP
223.1,0.592,72.2,11934,50,0.55,LaptopDanHP
223.1,0.592,72.2,11934,50,0.55,LaptopDanHP
223.1,0.592,72.2,11934,50,0.55,LaptopDanHP
223.1,0.592,72.2,11934,50,0.55,LaptopDanHP
223.1,0.592,72.2,11934,50,0.55,LaptopDanHP
223.1,0.592,72.2,11934,50,0.55,LaptopDanHP
223.2,0.617,76,11934,50,0.55,LaptopDanHP
223.2,0.617,76,11934,50,0.55,LaptopDanHP
223.2,0.617,76,11934,49.9,0.55,LaptopDanHP
223.2,0.617,76,11934,49.9,0.55,LaptopDanHP
223.2,0.617,76,11934,49.9,0.55,LaptopDanHP
223.2,0.617,76,11934,50,0.55,LaptopDanHP
223.2,0.617,76,11934,50,0.55,LaptopDanHP
223.2,0.617,76,11934,50,0.55,LaptopDanHP
223.2,0.617,76,11934,50,0.55,LaptopDanHP
223.2,0.617,76,11934,50,0.55,LaptopDanHP
223.2,0.599,73,11934,50,0.55,LaptopDanHP
223.2,0.599,73,11934,50,0.55,LaptopDanHP
223.2,0.599,73,11934,50,0.55,LaptopDanHP
223.2,0.599,73,11934,50,0.55,LaptopDanHP
223.2,0.599,73,11934,50,0.55,LaptopDanHP
223.2,0.599,73,11934,49.9,0.55,LaptopDanHP
223.2,0.599,73,11934,49.9,0.55,LaptopDanHP
223.2,0.599,73,11934,49.9,0.55,LaptopDanHP
223.2,0.599,73,11934,50,0.55,LaptopDanHP
223.2,0.599,73,11934,50,0.55,LaptopDanHP
223.1,0.618,76.6,11934,50,0.56,LaptopDanHP
223.1,0.618,76.6,11934,50,0.56,LaptopDanHP
223.1,0.618,76.6,11934,50,0.56,LaptopDanHP
223.1,0.618,76.6,11934,50,0.56,LaptopDanHP
223.1,0.618,76.6,11934,50,0.56,LaptopDanHP
223.1,0.618,76.6,11934,50,0.56,LaptopDanHP
223.1,0.618,76.6,11934,50,0.56,LaptopDanHP
223.1,0.618,76.6,11934,50,0.56,LaptopDanHP
223.1,0.618,76.6,11934,49.9,0.56,LaptopDanHP
223.1,0.618,76.6,11934,49.9,0.56,LaptopDanHP
223,0.6,72.8,11934,49.9,0.54,LaptopDanHP
223,0.6,72.8,11934,50,0.54,LaptopDanHP
223,0.6,72.8,11934,50,0.54,LaptopDanHP
223,0.6,72.8,11934,50,0.54,LaptopDanHP
223,0.6,72.8,11934,50,0.54,LaptopDanHP
223,0.6,72.8,11934,50,0.54,LaptopDanHP
223,0.6,72.8,11934,49.9,0.54,LaptopDanHP
223,0.6,72.8,11934,49.9,0.54,LaptopDanHP
223,0.6,72.8,11934,49.9,0.54,LaptopDanHP
223,0.6,72.8,11934,49.9,0.54,LaptopDanHP
223.2,0.613,75.1,11934,50,0.55,LaptopDanHP
223.2,0.613,75.1,11934,50,0.55,LaptopDanHP
223.2,0.613,75.1,11934,50,0.55,LaptopDanHP
223.2,0.613,75.1,11934,50,0.55,LaptopDanHP
223.2,0.613,75.1,11934,50,0.55,LaptopDanHP
223.2,0.613,75.1,11934,49.9,0.55,LaptopDanHP
223.2,0.613,75.1,11934,49.9,0.55,LaptopDanHP
223.2,0.613,75.1,11934,49.9,0.55,LaptopDanHP
223.2,0.613,75.1,11934,50,0.55,LaptopDanHP
223.2,0.613,75.1,11934,50,0.55,LaptopDanHP
223.2,0.613,75.1,11934,50,0.55,LaptopDanHP
223.1,0.6,73.6,11934,50,0.55,LaptopDanHP
223.1,0.6,73.6,11934,50,0.55,LaptopDanHP
223.1,0.6,73.6,11934,49.9,0.55,LaptopDanHP
223.1,0.6,73.6,11934,49.9,0.55,LaptopDanHP
223.1,0.6,73.6,11934,50,0.55,LaptopDanHP
223.1,0.6,73.6,11934,50,0.55,LaptopDanHP
223.1,0.6,73.6,11934,50,0.55,LaptopDanHP
223.1,0.6,73.6,11934,49.9,0.55,LaptopDanHP
223.1,0.6,73.6,11934,49.9,0.55,LaptopDanHP
223.1,0.6,73.6,11934,49.9,0.55,LaptopDanHP
223.4,0.587,71.4,11934,50,0.54,LaptopDanHP
223.4,0.587,71.4,11934,50,0.54,LaptopDanHP
223.4,0.587,71.4,11934,50,0.54,LaptopDanHP
223.4,0.587,71.4,11934,50,0.54,LaptopDanHP
223.4,0.587,71.4,11934,50,0.54,LaptopDanHP
223.4,0.587,71.4,11934,49.9,0.54,LaptopDanHP
223.4,0.587,71.4,11934,49.9,0.54,LaptopDanHP
223.4,0.587,71.4,11934,50,0.54,LaptopDanHP
223.4,0.587,71.4,11934,50,0.54,LaptopDanHP
223.4,0.587,71.4,11934,50,0.54,LaptopDanHP
223.4,0.581,70.7,11934,49.9,0.54,LaptopDanHP
223.4,0.581,70.7,11934,49.9,0.54,LaptopDanHP
223.4,0.581,70.7,11934,49.9,0.54,LaptopDanHP
223.4,0.581,70.7,11934,49.9,0.54,LaptopDanHP
223.1,0.559,67.5,11934,50,0.54,LaptopDanHP
223,0.566,67.8,11934,50,0.54,LaptopDanHP
223,0.566,67.8,11934,50,0.54,LaptopDanHP
223.1,0.493,58,11934,49.9,0.53,LaptopDanHP
223.1,0.493,58,11934,49.9,0.53,LaptopDanHP
223.1,0.493,58,11934,50,0.53,LaptopDanHP
223.1,0.493,58,11934,50,0.53,LaptopDanHP
223.1,0.493,58,11934,50,0.53,LaptopDanHP
223.1,0.493,58,11934,49.9,0.53,LaptopDanHP
223.1,0.493,58,11934,49.9,0.53,LaptopDanHP
223.1,0.493,58,11934,50,0.53,LaptopDanHP
223.1,0.493,58,11934,50,0.53,LaptopDanHP
223.1,0.493,58,11934,50,0.53,LaptopDanHP
223.1,0.493,58,11934,50,0.53,LaptopDanHP
223.1,0.493,58,11934,50,0.53,LaptopDanHP
223.1,0.625,77,11934,50,0.55,LaptopDanHP
223.1,0.625,77,11934,49.9,0.55,LaptopDanHP
223.1,0.625,77,11934,49.9,0.55,LaptopDanHP
223.1,0.625,77,11934,50,0.55,LaptopDanHP
223.1,0.625,77,11934,50,0.55,LaptopDanHP
223.1,0.625,77,11934,50,0.55,LaptopDanHP
223.1,0.625,77,11934,49.9,0.55,LaptopDanHP
223.1,0.625,77,11934,49.9,0.55,LaptopDanHP
223.1,0.625,77,11934,50,0.55,LaptopDanHP
223.1,0.625,77,11934,50,0.55,LaptopDanHP
223.3,0.624,77.4,11934,50,0.56,LaptopDanHP
223.3,0.624,77.4,11934,49.9,0.56,LaptopDanHP
223.3,0.624,77.4,11934,49.9,0.56,LaptopDanHP
223.3,0.624,77.4,11934,49.9,0.56,LaptopDanHP
223.3,0.624,77.4,11934,49.9,0.56,LaptopDanHP
223.3,0.624,77.4,11934,50,0.56,LaptopDanHP
223.3,0.624,77.4,11934,50,0.56,LaptopDanHP
223.3,0.624,77.4,11934,50,0.56,LaptopDanHP
223.3,0.624,77.4,11934,50,0.56,LaptopDanHP
223.3,0.624,77.4,11934,50,0.56,LaptopDanHP
223.1,0.637,79.9,11934,49.9,0.56,LaptopDanHP
223.1,0.637,79.9,11934,50,0.56,LaptopDanHP
223.1,0.637,79.9,11934,50,0.56,LaptopDanHP
223.1,0.637,79.9,11934,50,0.56,LaptopDanHP
223.1,0.637,79.9,11934,50,0.56,LaptopDanHP
223.1,0.637,79.9,11934,49.9,0.56,LaptopDanHP
223.1,0.637,79.9,11934,49.9,0.56,LaptopDanHP
223.1,0.637,79.9,11934,49.9,0.56,LaptopDanHP
223.1,0.637,79.9,11934,50,0.56,LaptopDanHP
223.1,0.637,79.9,11934,50,0.56,LaptopDanHP
223.2,0.631,78.4,11934,49.9,0.56,LaptopDanHP
223.2,0.631,78.4,11934,49.9,0.56,LaptopDanHP
223.2,0.631,78.4,11934,49.9,0.56,LaptopDanHP
223.2,0.631,78.4,11934,50,0.56,LaptopDanHP
223.2,0.631,78.4,11934,50,0.56,LaptopDanHP
223.2,0.631,78.4,11934,50,0.56,LaptopDanHP
223.2,0.631,78.4,11934,49.9,0.56,LaptopDanHP
223.2,0.631,78.4,11934,49.9,0.56,LaptopDanHP
223.2,0.631,78.4,11934,50,0.56,LaptopDanHP
223.2,0.631,78.4,11934,50,0.56,LaptopDanHP
223.3,0.624,77.2,11934,50,0.55,LaptopDanHP
223.3,0.624,77.2,11934,49.9,0.55,LaptopDanHP
223.3,0.624,77.2,11934,49.9,0.55,LaptopDanHP
223.3,0.624,77.2,11934,50,0.55,LaptopDanHP
223.3,0.624,77.2,11934,50,0.55,LaptopDanHP
223.3,0.624,77.2,11934,50,0.55,LaptopDanHP
223.3,0.624,77.2,11934,49.9,0.55,LaptopDanHP
223.3,0.624,77.2,11934,49.9,0.55,LaptopDanHP
223.3,0.624,77.2,11934,49.9,0.55,LaptopDanHP
223.3,0.624,77.2,11934,49.9,0.55,LaptopDanHP
223.3,0.624,77.2,11934,50,0.55,LaptopDanHP
223.2,0.603,74.2,11934,49.9,0.55,LaptopDanHP
223.2,0.603,74.2,11934,49.9,0.55,LaptopDanHP
223.2,0.603,74.2,11934,49.9,0.55,LaptopDanHP
223.2,0.603,74.2,11934,50,0.55,LaptopDanHP
223.2,0.603,74.2,11934,50,0.55,LaptopDanHP
223.2,0.603,74.2,11934,49.9,0.55,LaptopDanHP
223.2,0.603,74.2,11934,49.9,0.55,LaptopDanHP
223.2,0.603,74.2,11934,49.9,0.55,LaptopDanHP
223.2,0.603,74.2,11934,50,0.55,LaptopDanHP
223.2,0.603,74.2,11934,50,0.55,LaptopDanHP
223.4,0.617,75.7,11934,50,0.55,LaptopDanHP
223.4,0.617,75.7,11934,50,0.55,LaptopDanHP
223.4,0.617,75.7,11934,50,0.55,LaptopDanHP
223.4,0.617,75.7,11934,49.9,0.55,LaptopDanHP
223.4,0.617,75.7,11934,49.9,0.55,LaptopDanHP
223.4,0.617,75.7,11934,49.9,0.55,LaptopDanHP
223.4,0.617,75.7,11934,49.9,0.55,LaptopDanHP
223.4,0.617,75.7,11934,50,0.55,LaptopDanHP
223.4,0.617,75.7,11934,49.9,0.55,LaptopDanHP
223.4,0.617,75.7,11934,49.9,0.55,LaptopDanHP
223.2,0.625,77.3,11934,49.9,0.55,LaptopDanHP
223.2,0.625,77.3,11934,49.9,0.55,LaptopDanHP
223.2,0.625,77.3,11934,50,0.55,LaptopDanHP
223.2,0.625,77.3,11934,50,0.55,LaptopDanHP
223.2,0.625,77.3,11934,50,0.55,LaptopDanHP
223.2,0.625,77.3,11934,49.9,0.55,LaptopDanHP
223.2,0.625,77.3,11934,49.9,0.55,LaptopDanHP
223.2,0.625,77.3,11934,49.9,0.55,LaptopDanHP
223.2,0.625,77.3,11934,49.9,0.55,LaptopDanHP
223.2,0.625,77.3,11934,49.9,0.55,LaptopDanHP
223.1,0.608,75.2,11934,50,0.55,LaptopDanHP
223.1,0.608,75.2,11934,50,0.55,LaptopDanHP
223.1,0.608,75.2,11934,49.9,0.55,LaptopDanHP
223.1,0.608,75.2,11934,49.9,0.55,LaptopDanHP
223.1,0.608,75.2,11934,49.9,0.55,LaptopDanHP
223.1,0.608,75.2,11934,50,0.55,LaptopDanHP
223.1,0.608,75.2,11934,50,0.55,LaptopDanHP
223.1,0.608,75.2,11934,50,0.55,LaptopDanHP
223.1,0.608,75.2,11934,49.9,0.55,LaptopDanHP
223.1,0.608,75.2,11934,49.9,0.55,LaptopDanHP
223.1,0.608,75.2,11934,49.9,0.55,LaptopDanHP
223.1,0.608,75.2,11934,49.9,0.55,LaptopDanHP
223.4,0.613,75.2,11934,49.9,0.55,LaptopDanHP
223.4,0.613,75.2,11934,49.9,0.55,LaptopDanHP
223.4,0.613,75.2,11934,49.9,0.55,LaptopDanHP
223.4,0.613,75.2,11934,50,0.55,LaptopDanHP
223.4,0.613,75.2,11934,50,0.55,LaptopDanHP
223.4,0.613,75.2,11935,50,0.55,LaptopDanHP
223.4,0.613,75.2,11935,49.9,0.55,LaptopDanHP
223.4,0.613,75.2,11935,49.9,0.55,LaptopDanHP
223.4,0.613,75.2,11935,49.9,0.55,LaptopDanHP
223.4,0.613,75.2,11935,49.9,0.55,LaptopDanHP
223.3,0.64,79.1,11935,49.9,0.55,LaptopDanHP
223.3,0.64,79.1,11935,50,0.55,LaptopDanHP
223.3,0.64,79.1,11935,50,0.55,LaptopDanHP
223.3,0.64,79.1,11935,50,0.55,LaptopDanHP
223.3,0.64,79.1,11935,50,0.55,LaptopDanHP
223.3,0.64,79.1,11935,50,0.55,LaptopDanHP
223.3,0.64,79.1,11935,50,0.55,LaptopDanHP
223.3,0.64,79.1,11935,50,0.55,LaptopDanHP
223.3,0.64,79.1,11935,49.9,0.55,LaptopDanHP
223.3,0.64,79.1,11935,49.9,0.55,LaptopDanHP
223.5,0.642,80.8,11935,49.9,0.56,LaptopDanHP
223.5,0.642,80.8,11935,49.9,0.56,LaptopDanHP
223.5,0.642,80.8,11935,49.9,0.56,LaptopDanHP
223.5,0.642,80.8,11935,50,0.56,LaptopDanHP
223.5,0.642,80.8,11935,50,0.56,LaptopDanHP
223.5,0.642,80.8,11935,49.9,0.56,LaptopDanHP
223.5,0.642,80.8,11935,49.9,0.56,LaptopDanHP
223.5,0.642,80.8,11935,49.9,0.56,LaptopDanHP
223.5,0.642,80.8,11935,49.9,0.56,LaptopDanHP
223.5,0.642,80.8,11935,49.9,0.56,LaptopDanHP
223.5,0.639,79.5,11935,49.9,0.56,LaptopDanHP
223.5,0.639,79.5,11935,49.9,0.56,LaptopDanHP
223.5,0.639,79.5,11935,49.9,0.56,LaptopDanHP
223.5,0.639,79.5,11935,50,0.56,LaptopDanHP
223.5,0.639,79.5,11935,50,0.56,LaptopDanHP
223.5,0.639,79.5,11935,50,0.56,LaptopDanHP
223.5,0.639,79.5,11935,49.9,0.56,LaptopDanHP
223.5,0.639,79.5,11935,49.9,0.56,LaptopDanHP
223.5,0.639,79.5,11935,49.9,0.56,LaptopDanHP
223.5,0.639,79.5,11935,49.9,0.56,LaptopDanHP
223.5,0.639,79.5,11935,49.9,0.56,LaptopDanHP
223.1,0.62,76.4,11935,50,0.55,LaptopDanHP
223.1,0.62,76.4,11935,50,0.55,LaptopDanHP
223.1,0.62,76.4,11935,50,0.55,LaptopDanHP
223.1,0.62,76.4,11935,50,0.55,LaptopDanHP
223.1,0.62,76.4,11935,49.9,0.55,LaptopDanHP
223.1,0.62,76.4,11935,49.9,0.55,LaptopDanHP
223.1,0.62,76.4,11935,49.9,0.55,LaptopDanHP
223.1,0.62,76.4,11935,49.9,0.55,LaptopDanHP
223.1,0.62,76.4,11935,49.9,0.55,LaptopDanHP
223.1,0.62,76.4,11935,50,0.55,LaptopDanHP
223.2,0.638,79,11935,49.9,0.55,LaptopDanHP
223.2,0.638,79,11935,49.9,0.55,LaptopDanHP
223.2,0.638,79,11935,49.9,0.55,LaptopDanHP
223.2,0.638,79,11935,49.9,0.55,LaptopDanHP
223.2,0.638,79,11935,50,0.55,LaptopDanHP
223.2,0.638,79,11935,50,0.55,LaptopDanHP
223.2,0.638,79,11935,50,0.55,LaptopDanHP
223.2,0.638,79,11935,49.9,0.55,LaptopDanHP
223.2,0.638,79,11935,49.9,0.55,LaptopDanHP
223.2,0.638,79,11935,49.9,0.55,LaptopDanHP
223.3,0.644,80.8,11935,49.9,0.56,LaptopDanHP
223.3,0.644,80.8,11935,49.9,0.56,LaptopDanHP
223.3,0.644,80.8,11935,50,0.56,LaptopDanHP
223.3,0.644,80.8,11935,50,0.56,LaptopDanHP
223.3,0.644,80.8,11935,49.9,0.56,LaptopDanHP
223.3,0.644,80.8,11935,49.9,0.56,LaptopDanHP
223.3,0.644,80.8,11935,49.9,0.56,LaptopDanHP
223.3,0.644,80.8,11935,50,0.56,LaptopDanHP
223.3,0.644,80.8,11935,50,0.56,LaptopDanHP
223.3,0.644,80.8,11935,50,0.56,LaptopDanHP
223.2,0.628,77.5,11935,49.9,0.55,LaptopDanHP
223.2,0.628,77.5,11935,49.9,0.55,LaptopDanHP
223.2,0.628,77.5,11935,50,0.55,LaptopDanHP
223.2,0.628,77.5,11935,50,0.55,LaptopDanHP
223.2,0.628,77.5,11935,50,0.55,LaptopDanHP
223.2,0.628,77.5,11935,49.9,0.55,LaptopDanHP
223.2,0.628,77.5,11935,49.9,0.55,LaptopDanHP
223.2,0.628,77.5,11935,49.9,0.55,LaptopDanHP
223.2,0.628,77.5,11935,50,0.55,LaptopDanHP
223.2,0.628,77.5,11935,50,0.55,LaptopDanHP
223.2,0.628,76.4,11935,49.9,0.55,LaptopDanHP
223.2,0.628,76.4,11935,49.9,0.55,LaptopDanHP
223.3,0.618,76.4,11935,49.9,0.55,LaptopDanHP
223.3,0.618,76.4,11935,50,0.55,LaptopDanHP
223.3,0.618,76.4,11935,50,0.55,LaptopDanHP
223.3,0.618,76.4,11935,49.9,0.55,LaptopDanHP
223.3,0.618,76.4,11935,49.9,0.55,LaptopDanHP
223.3,0.618,76.4,11935,49.9,0.55,LaptopDanHP
223.3,0.618,76.4,11935,50,0.55,LaptopDanHP
