225,0.047,3,11898,50,0.28,HPdanSolder
225,0.047,3,11898,50,0.28,HPdanSolder
225,0.047,3,11898,50,0.28,HPdanSolder
225,0.047,3,11898,50,0.28,HPdanSolder
225,0.047,3,11898,50,0.28,HPdanSolder
225,0.047,3,11898,50,0.28,HPdanSolder
225,0.047,3,11898,50,0.28,HPdanSolder
225,0.047,3,11898,50,0.28,HPdanSolder
225,0.047,3,11898,50,0.28,HPdanSolder
225,0.047,3,11898,50,0.28,HPdanSolder
225.3,0.073,7.7,11898,50,0.47,HPdanSolder
225.3,0.073,7.7,11898,50,0.47,HPdanSolder
225.3,0.073,7.7,11898,50,0.47,HPdanSolder
225.3,0.073,7.7,11898,49.9,0.47,HPdanSolder
225.3,0.073,7.7,11898,49.9,0.47,HPdanSolder
225.3,0.073,7.7,11898,50,0.47,HPdanSolder
225.3,0.073,7.7,11898,50,0.47,HPdanSolder
225.3,0.073,7.7,11898,50,0.47,HPdanSolder
225.3,0.073,7.7,11898,50,0.47,HPdanSolder
225.3,0.073,7.7,11898,50,0.47,HPdanSolder
225.3,0.073,7.7,11898,50,0.47,HPdanSolder
225.3,0.073,7.7,11898,50,0.47,HPdanSolder
225.1,0.132,15.1,11898,50,0.51,HPdanSolder
225.1,0.132,15.1,11898,50,0.51,HPdanSolder
225.1,0.132,15.1,11898,50,0.51,HPdanSolder
225.1,0.132,15.1,11898,50,0.51,HPdanSolder
225.1,0.132,15.1,11898,50,0.51,HPdanSolder
225.1,0.132,15.1,11898,50,0.51,HPdanSolder
225.1,0.132,15.1,11898,50,0.51,HPdanSolder
225.1,0.132,15.1,11898,50,0.51,HPdanSolder
225.1,0.132,15.1,11898,50,0.51,HPdanSolder
224.8,0.151,21.9,11898,50,0.65,HPdanSolder
224.8,0.151,21.9,11898,50,0.65,HPdanSolder
224.8,0.151,21.9,11898,50,0.65,HPdanSolder
224.8,0.151,21.9,11898,50,0.65,HPdanSolder
224.8,0.151,21.9,11898,50,0.65,HPdanSolder
224.8,0.151,21.9,11898,50,0.65,HPdanSolder
224.8,0.151,21.9,11898,50,0.65,HPdanSolder
224.8,0.151,21.9,11898,50,0.65,HPdanSolder
224.8,0.151,21.9,11898,50,0.65,HPdanSolder
224.8,0.151,21.9,11898,50,0.65,HPdanSolder
225.2,0.148,21.7,11898,50,0.65,HPdanSolder
225.2,0.148,21.7,11898,50,0.65,HPdanSolder
225.2,0.148,21.7,11898,50,0.65,HPdanSolder
225.2,0.148,21.7,11898,50,0.65,HPdanSolder
225.2,0.148,21.7,11898,50,0.65,HPdanSolder
225.2,0.148,21.7,11898,50,0.65,HPdanSolder
225.2,0.148,21.7,11898,50,0.65,HPdanSolder
225.2,0.148,21.7,11898,50,0.65,HPdanSolder
225.2,0.148,21.7,11898,50,0.65,HPdanSolder
225.2,0.148,21.7,11898,50,0.65,HPdanSolder
225.1,0.146,21.5,11898,50,0.65,HPdanSolder
225.1,0.146,21.5,11898,50,0.65,HPdanSolder
225.1,0.146,21.5,11898,50,0.65,HPdanSolder
225.1,0.146,21.5,11898,50,0.65,HPdanSolder
225.1,0.146,21.5,11898,50,0.65,HPdanSolder
225.1,0.146,21.5,11898,50,0.65,HPdanSolder
225.1,0.146,21.5,11898,50,0.65,HPdanSolder
225.1,0.146,21.5,11898,50,0.65,HPdanSolder
225.1,0.146,21.5,11898,50,0.65,HPdanSolder
225.1,0.146,21.5,11898,50,0.65,HPdanSolder
225.1,0.146,21.5,11898,50,0.65,HPdanSolder
225.1,0.146,21.5,11898,50,0.65,HPdanSolder
225.1,0.144,21.2,11898,50,0.65,HPdanSolder
225.1,0.144,21.2,11898,50,0.65,HPdanSolder
225.1,0.144,21.2,11898,50,0.65,HPdanSolder
225.1,0.144,21.2,11898,50,0.65,HPdanSolder
225.1,0.144,21.2,11898,50,0.65,HPdanSolder
225.1,0.144,21.2,11898,50,0.65,HPdanSolder
225.1,0.144,21.2,11898,50,0.65,HPdanSolder
225.1,0.144,21.2,11898,50,0.65,HPdanSolder
225.1,0.144,21.2,11898,50,0.65,HPdanSolder
225.1,0.144,21.2,11898,50,0.65,HPdanSolder
225.3,0.142,21.1,11898,50,0.66,HPdanSolder
225.3,0.142,21.1,11898,50,0.66,HPdanSolder
225.3,0.142,21.1,11898,50,0.66,HPdanSolder
225.3,0.142,21.1,11898,50,0.66,HPdanSolder
225.3,0.142,21.1,11898,50,0.66,HPdanSolder
225.3,0.142,21.1,11898,50,0.66,HPdanSolder
225.3,0.142,21.1,11898,50,0.66,HPdanSolder
225.3,0.142,21.1,11898,50,0.66,HPdanSolder
225.3,0.142,21.1,11898,50,0.66,HPdanSolder
225.3,0.142,21.1,11898,50,0.66,HPdanSolder
225.2,0.14,20.8,11898,50,0.66,HPdanSolder
225.2,0.14,20.8,11898,50,0.66,HPdanSolder
225.2,0.14,20.8,11898,50,0.66,HPdanSolder
225.2,0.14,20.8,11898,50,0.66,HPdanSolder
225.2,0.14,20.8,11898,50,0.66,HPdanSolder
225.2,0.14,20.8,11898,50,0.66,HPdanSolder
225.2,0.14,20.8,11898,50,0.66,HPdanSolder
225.2,0.14,20.8,11898,50,0.66,HPdanSolder
225.2,0.14,20.8,11898,50,0.66,HPdanSolder
225.2,0.14,20.8,11898,50,0.66,HPdanSolder
225.7,0.14,20.9,11898,50,0.66,HPdanSolder
225.7,0.14,20.9,11898,50,0.66,HPdanSolder
225.7,0.14,20.9,11898,50,0.66,HPdanSolder
225.7,0.14,20.9,11898,50,0.66,HPdanSolder
225.7,0.14,20.9,11898,50,0.66,HPdanSolder
225.7,0.14,20.9,11898,50,0.66,HPdanSolder
225.7,0.14,20.9,11898,50,0.66,HPdanSolder
225.7,0.14,20.9,11898,50,0.66,HPdanSolder
225.7,0.14,20.9,11898,50,0.66,HPdanSolder
225.7,0.14,20.9,11898,50,0.66,HPdanSolder
225.7,0.14,20.9,11898,50,0.66,HPdanSolder
225.2,0.138,20.6,11898,50,0.66,HPdanSolder
225.2,0.138,20.6,11898,50,0.66,HPdanSolder
225.2,0.138,20.6,11898,50,0.66,HPdanSolder
225.2,0.138,20.6,11898,50,0.66,HPdanSolder
225.2,0.138,20.6,11898,50,0.66,HPdanSolder
225.2,0.138,20.6,11898,50,0.66,HPdanSolder
225.2,0.138,20.6,11898,50,0.66,HPdanSolder
225.2,0.138,20.6,11898,50,0.66,HPdanSolder
225.2,0.138,20.6,11898,50,0.66,HPdanSolder
224.8,0.135,20.3,11898,50,0.67,HPdanSolder
224.8,0.135,20.3,11898,50,0.67,HPdanSolder
224.8,0.135,20.3,11898,50,0.67,HPdanSolder
224.8,0.135,20.3,11898,50,0.67,HPdanSolder
224.8,0.135,20.3,11898,50,0.67,HPdanSolder
224.8,0.135,20.3,11898,50,0.67,HPdanSolder
224.8,0.135,20.3,11898,50,0.67,HPdanSolder
224.8,0.135,20.3,11898,50,0.67,HPdanSolder
224.8,0.135,20.3,11898,50,0.67,HPdanSolder
224.8,0.135,20.3,11898,50,0.67,HPdanSolder
225.4,0.135,20.4,11898,50,0.67,HPdanSolder
225.4,0.135,20.4,11898,50,0.67,HPdanSolder
225.4,0.135,20.4,11898,50,0.67,HPdanSolder
225.4,0.135,20.4,11898,50,0.67,HPdanSolder
225.4,0.135,20.4,11898,50,0.67,HPdanSolder
225.4,0.135,20.4,11898,50,0.67,HPdanSolder
225.4,0.135,20.4,11898,50,0.67,HPdanSolder
225.4,0.135,20.4,11898,50,0.67,HPdanSolder
225.4,0.135,20.4,11898,50,0.67,HPdanSolder
225.4,0.135,20.4,11898,50,0.67,HPdanSolder
225.2,0.134,20.3,11898,50,0.67,HPdanSolder
225.2,0.134,20.3,11898,50,0.67,HPdanSolder
225.2,0.134,20.3,11898,50,0.67,HPdanSolder
225.2,0.134,20.3,11898,50,0.67,HPdanSolder
225.2,0.134,20.3,11898,50,0.67,HPdanSolder
225.2,0.134,20.3,11898,50,0.67,HPdanSolder
225.2,0.134,20.3,11898,50,0.67,HPdanSolder
225.2,0.134,20.3,11898,50,0.67,HPdanSolder
225.2,0.134,20.3,11898,50,0.67,HPdanSolder
225.2,0.134,20.3,11898,50,0.67,HPdanSolder
225.1,0.133,20.2,11898,50,0.67,HPdanSolder
225.1,0.133,20.2,11898,50,0.67,HPdanSolder
225.1,0.133,20.2,11898,50,0.67,HPdanSolder
225.1,0.133,20.2,11898,50,0.67,HPdanSolder
225.1,0.133,20.2,11898,50,0.67,HPdanSolder
225.1,0.133,20.2,11898,50,0.67,HPdanSolder
225.1,0.133,20.2,11898,50,0.67,HPdanSolder
225.1,0.133,20.2,11898,50,0.67,HPdanSolder
225.1,0.133,20.2,11898,50,0.67,HPdanSolder
225.1,0.133,20.2,11898,50,0.67,HPdanSolder
225.4,0.133,20.2,11898,50,0.67,HPdanSolder
225.4,0.133,20.2,11899,50,0.67,HPdanSolder
225.4,0.133,20.2,11899,50,0.67,HPdanSolder
225.4,0.133,20.2,11899,50,0.67,HPdanSolder
225.4,0.133,20.2,11899,50,0.67,HPdanSolder
225.4,0.133,20.2,11899,50,0.67,HPdanSolder
225.4,0.133,20.2,11899,50,0.67,HPdanSolder
225.4,0.133,20.2,11899,50,0.67,HPdanSolder
225.4,0.133,20.2,11899,50,0.67,HPdanSolder
225.4,0.133,20.2,11899,50,0.67,HPdanSolder
225.4,0.133,20.2,11899,50,0.67,HPdanSolder
224.8,0.132,20,11899,50,0.67,HPdanSolder
224.8,0.132,20,11899,50,0.67,HPdanSolder
224.8,0.132,20,11899,50,0.67,HPdanSolder
224.8,0.132,20,11899,50,0.67,HPdanSolder
224.8,0.132,20,11899,50,0.67,HPdanSolder
224.8,0.132,20,11899,50,0.67,HPdanSolder
224.8,0.132,20,11899,50,0.67,HPdanSolder
224.8,0.132,20,11899,50,0.67,HPdanSolder
224.8,0.132,20,11899,50,0.67,HPdanSolder
224.8,0.132,20,11899,50,0.67,HPdanSolder
225.2,0.132,20.1,11899,50,0.68,HPdanSolder
225.2,0.132,20.1,11899,50,0.68,HPdanSolder
225.2,0.132,20.1,11899,50,0.68,HPdanSolder
225.2,0.132,20.1,11899,50,0.68,HPdanSolder
225.2,0.132,20.1,11899,50,0.68,HPdanSolder
225.2,0.132,20.1,11899,50,0.68,HPdanSolder
225.2,0.132,20.1,11899,50,0.68,HPdanSolder
225.2,0.132,20.1,11899,50,0.68,HPdanSolder
225.2,0.132,20.1,11899,50,0.68,HPdanSolder
225.2,0.132,20.1,11899,50,0.68,HPdanSolder
225.2,0.131,20,11899,50,0.68,HPdanSolder
225.2,0.131,20,11899,50,0.68,HPdanSolder
225.2,0.131,20,11899,50,0.68,HPdanSolder
225.2,0.131,20,11899,50,0.68,HPdanSolder
225.2,0.131,20,11899,50,0.68,HPdanSolder
225.2,0.131,20,11899,50,0.68,HPdanSolder
225.2,0.131,20,11899,50,0.68,HPdanSolder
225.2,0.131,20,11899,50,0.68,HPdanSolder
225.2,0.131,20,11899,50,0.68,HPdanSolder
225.2,0.131,20,11899,50,0.68,HPdanSolder
225.3,0.131,20,11899,50,0.68,HPdanSolder
225.3,0.131,20,11899,50,0.68,HPdanSolder
225.3,0.131,20,11899,50,0.68,HPdanSolder
225.3,0.131,20,11899,50,0.68,HPdanSolder
225.3,0.131,20,11899,50,0.68,HPdanSolder
225.3,0.131,20,11899,50,0.68,HPdanSolder
225.3,0.131,20,11899,50,0.68,HPdanSolder
225.3,0.131,20,11899,50,0.68,HPdanSolder
225.3,0.131,20,11899,50,0.68,HPdanSolder
225.3,0.131,20,11899,50,0.68,HPdanSolder
225.3,0.131,20,11899,50,0.68,HPdanSolder
225.3,0.131,20,11899,50,0.68,HPdanSolder
225.3,0.131,20,11899,50,0.68,HPdanSolder
225.3,0.131,20,11899,50,0.68,HPdanSolder
225.3,0.131,20,11899,50,0.68,HPdanSolder
225.3,0.131,20,11899,50,0.68,HPdanSolder
225.3,0.131,20,11899,50,0.68,HPdanSolder
225.3,0.131,20,11899,50,0.68,HPdanSolder
225.3,0.131,20,11899,50,0.68,HPdanSolder
225.3,0.131,20,11899,50,0.68,HPdanSolder
225.3,0.131,20,11899,50,0.68,HPdanSolder
225.3,0.131,20,11899,50,0.68,HPdanSolder
225.6,0.13,20,11899,50,0.68,HPdanSolder
225.6,0.13,20,11899,50,0.68,HPdanSolder
225.6,0.13,20,11899,50,0.68,HPdanSolder
225.6,0.13,20,11899,50,0.68,HPdanSolder
225.6,0.13,20,11899,50,0.68,HPdanSolder
225.6,0.13,20,11899,50,0.68,HPdanSolder
225.6,0.13,20,11899,50,0.68,HPdanSolder
225.6,0.13,20,11899,50,0.68,HPdanSolder
225.6,0.13,20,11899,50,0.68,HPdanSolder
225.6,0.13,20,11899,50,0.68,HPdanSolder
225,0.129,19.8,11899,50,0.68,HPdanSolder
225,0.129,19.8,11899,50,0.68,HPdanSolder
225,0.129,19.8,11899,50,0.68,HPdanSolder
225,0.129,19.8,11899,50,0.68,HPdanSolder
225,0.129,19.8,11899,50,0.68,HPdanSolder
225,0.129,19.8,11899,50,0.68,HPdanSolder
225,0.129,19.8,11899,50,0.68,HPdanSolder
225,0.129,19.8,11899,50,0.68,HPdanSolder
225,0.129,19.8,11899,50,0.68,HPdanSolder
225,0.129,19.8,11899,50,0.68,HPdanSolder
225,0.129,19.8,11899,50,0.68,HPdanSolder
225,0.129,19.8,11899,50,0.68,HPdanSolder
225,0.129,19.8,11899,50,0.68,HPdanSolder
225,0.129,19.8,11899,50,0.68,HPdanSolder
225,0.129,19.8,11899,50,0.68,HPdanSolder
225,0.129,19.8,11899,50,0.68,HPdanSolder
225,0.129,19.8,11899,50,0.68,HPdanSolder
225,0.129,19.8,11899,50,0.68,HPdanSolder
225,0.129,19.8,11899,50,0.68,HPdanSolder
225,0.129,19.8,11899,50,0.68,HPdanSolder
225,0.129,19.8,11899,50,0.68,HPdanSolder
225.2,0.129,19.8,11899,50,0.68,HPdanSolder
225.2,0.129,19.8,11899,50,0.68,HPdanSolder
225.2,0.129,19.8,11899,50,0.68,HPdanSolder
225.2,0.129,19.8,11899,50,0.68,HPdanSolder
225.2,0.129,19.8,11899,50,0.68,HPdanSolder
225.2,0.129,19.8,11899,50,0.68,HPdanSolder
225.2,0.129,19.8,11899,50,0.68,HPdanSolder
225.2,0.129,19.8,11899,50,0.68,HPdanSolder
225.2,0.129,19.8,11899,50,0.68,HPdanSolder
225.2,0.129,19.8,11899,50,0.68,HPdanSolder
225.3,0.129,19.8,11899,50,0.68,HPdanSolder
225.3,0.129,19.8,11899,50,0.68,HPdanSolder
225.3,0.129,19.8,11899,50,0.68,HPdanSolder
225.3,0.129,19.8,11899,50,0.68,HPdanSolder
225.3,0.129,19.8,11899,50,0.68,HPdanSolder
225.3,0.129,19.8,11899,50,0.68,HPdanSolder
225.3,0.129,19.8,11899,50,0.68,HPdanSolder
225.3,0.129,19.8,11899,50,0.68,HPdanSolder
225.3,0.129,19.8,11899,50,0.68,HPdanSolder
225.3,0.129,19.8,11899,50,0.68,HPdanSolder
225.2,0.129,19.7,11899,50,0.68,HPdanSolder
225.2,0.129,19.7,11899,50,0.68,HPdanSolder
225.2,0.129,19.7,11899,50,0.68,HPdanSolder
225.2,0.129,19.7,11899,50,0.68,HPdanSolder
225.2,0.129,19.7,11899,50,0.68,HPdanSolder
225.2,0.129,19.7,11899,50,0.68,HPdanSolder
225.2,0.129,19.7,11899,50,0.68,HPdanSolder
225.2,0.129,19.7,11899,50,0.68,HPdanSolder
225.2,0.129,19.7,11899,50,0.68,HPdanSolder
225.2,0.129,19.7,11899,50,0.68,HPdanSolder
225.1,0.128,19.6,11899,50,0.68,HPdanSolder
225.1,0.128,19.6,11899,50,0.68,HPdanSolder
225.1,0.128,19.6,11899,50,0.68,HPdanSolder
225.1,0.128,19.6,11899,50,0.68,HPdanSolder
225.1,0.128,19.6,11899,50,0.68,HPdanSolder
225.1,0.128,19.6,11899,50,0.68,HPdanSolder
225.1,0.128,19.6,11899,50,0.68,HPdanSolder
225.1,0.128,19.6,11899,50,0.68,HPdanSolder
225.1,0.128,19.6,11899,50,0.68,HPdanSolder
225.1,0.128,19.6,11899,50,0.68,HPdanSolder
225,0.128,19.6,11899,50,0.68,HPdanSolder
225,0.128,19.6,11899,50,0.68,HPdanSolder
225,0.128,19.6,11899,50,0.68,HPdanSolder
225,0.128,19.6,11899,50,0.68,HPdanSolder
225,0.128,19.6,11899,50,0.68,HPdanSolder
225,0.128,19.6,11899,50,0.68,HPdanSolder
225,0.128,19.6,11899,50,0.68,HPdanSolder
225,0.128,19.6,11899,50,0.68,HPdanSolder
225,0.128,19.6,11899,50,0.68,HPdanSolder
225,0.128,19.6,11899,50,0.68,HPdanSolder
225,0.128,19.6,11899,50,0.68,HPdanSolder
225,0.128,19.6,11899,50,0.68,HPdanSolder
224.7,0.127,19.5,11899,50,0.68,HPdanSolder
224.7,0.127,19.5,11899,50,0.68,HPdanSolder
224.7,0.127,19.5,11899,50,0.68,HPdanSolder
224.7,0.127,19.5,11899,50,0.68,HPdanSolder
224.7,0.127,19.5,11899,50,0.68,HPdanSolder
224.7,0.127,19.5,11899,50,0.68,HPdanSolder
224.7,0.127,19.5,11899,50,0.68,HPdanSolder
224.7,0.127,19.5,11899,50,0.68,HPdanSolder
224.7,0.127,19.5,11899,50,0.68,HPdanSolder
224.7,0.127,19.5,11899,50,0.68,HPdanSolder
225.1,0.128,19.6,11899,50,0.68,HPdanSolder
225.1,0.128,19.6,11899,50,0.68,HPdanSolder
225.1,0.128,19.6,11899,50,0.68,HPdanSolder
225.1,0.128,19.6,11899,50,0.68,HPdanSolder
225.1,0.128,19.6,11899,50,0.68,HPdanSolder
225.1,0.128,19.6,11899,50,0.68,HPdanSolder
225.1,0.128,19.6,11899,50,0.68,HPdanSolder
225.1,0.128,19.6,11899,50,0.68,HPdanSolder
225.1,0.128,19.6,11899,50,0.68,HPdanSolder
225.2,0.127,19.6,11899,50,0.69,HPdanSolder
225.2,0.127,19.6,11899,50,0.69,HPdanSolder
225.2,0.127,19.6,11899,50,0.69,HPdanSolder
225.2,0.127,19.6,11899,50,0.69,HPdanSolder
225.2,0.127,19.6,11899,50,0.69,HPdanSolder
225.2,0.127,19.6,11899,50,0.69,HPdanSolder
225.2,0.127,19.6,11899,50,0.69,HPdanSolder
225.2,0.127,19.6,11899,50,0.69,HPdanSolder
225.2,0.127,19.6,11899,50,0.69,HPdanSolder
225.2,0.127,19.6,11899,50,0.69,HPdanSolder
224.9,0.127,19.5,11899,50,0.68,HPdanSolder
224.9,0.127,19.5,11899,50,0.68,HPdanSolder
224.9,0.127,19.5,11899,50,0.68,HPdanSolder
224.9,0.127,19.5,11899,50,0.68,HPdanSolder
224.9,0.127,19.5,11899,50,0.68,HPdanSolder
224.9,0.127,19.5,11899,50,0.68,HPdanSolder
224.9,0.127,19.5,11899,50,0.68,HPdanSolder
224.9,0.127,19.5,11899,50,0.68,HPdanSolder
224.9,0.127,19.5,11899,50,0.68,HPdanSolder
224.9,0.127,19.5,11899,50,0.68,HPdanSolder
224.9,0.127,19.5,11899,50,0.68,HPdanSolder
224.9,0.127,19.5,11899,50,0.68,HPdanSolder
225.1,0.127,19.5,11899,50,0.68,HPdanSolder
225.1,0.127,19.5,11899,50,0.68,HPdanSolder
225.1,0.127,19.5,11899,50,0.68,HPdanSolder
225.1,0.127,19.5,11899,50,0.68,HPdanSolder
225.1,0.127,19.5,11899,50,0.68,HPdanSolder
225.1,0.127,19.5,11899,50,0.68,HPdanSolder
225.1,0.127,19.5,11899,50,0.68,HPdanSolder
225.1,0.127,19.5,11899,50,0.68,HPdanSolder
225.1,0.127,19.5,11899,50,0.68,HPdanSolder
225.1,0.127,19.5,11899,50,0.68,HPdanSolder
225.2,0.126,19.3,11899,50,0.68,HPdanSolder
225.2,0.126,19.3,11899,50,0.68,HPdanSolder
225.2,0.126,19.3,11899,50,0.68,HPdanSolder
225.2,0.126,19.3,11899,50,0.68,HPdanSolder
225.2,0.126,19.3,11899,50,0.68,HPdanSolder
225.2,0.126,19.3,11899,50,0.68,HPdanSolder
225.2,0.126,19.3,11899,50,0.68,HPdanSolder
225.2,0.126,19.3,11899,50,0.68,HPdanSolder
225.2,0.126,19.3,11899,50,0.68,HPdanSolder
225.2,0.126,19.3,11899,50,0.68,HPdanSolder
225,0.126,19.4,11899,50,0.68,HPdanSolder
225,0.126,19.4,11899,50,0.68,HPdanSolder
225,0.126,19.4,11899,50,0.68,HPdanSolder
225,0.126,19.4,11899,50,0.68,HPdanSolder
225,0.126,19.4,11899,50,0.68,HPdanSolder
225,0.126,19.4,11899,50,0.68,HPdanSolder
225,0.126,19.4,11899,50,0.68,HPdanSolder
225,0.126,19.4,11899,50,0.68,HPdanSolder
225,0.126,19.4,11899,50,0.68,HPdanSolder
225,0.126,19.4,11899,50,0.68,HPdanSolder
225.2,0.126,19.4,11899,50,0.68,HPdanSolder
225.2,0.126,19.4,11899,50,0.68,HPdanSolder
225.2,0.126,19.4,11899,50,0.68,HPdanSolder
225.2,0.126,19.4,11899,50,0.68,HPdanSolder
225.2,0.126,19.4,11899,50,0.68,HPdanSolder
225.2,0.126,19.4,11899,50,0.68,HPdanSolder
225.2,0.126,19.4,11899,50,0.68,HPdanSolder
225.2,0.126,19.4,11899,50,0.68,HPdanSolder
225.2,0.126,19.4,11899,50,0.68,HPdanSolder
225.2,0.126,19.4,11899,50,0.68,HPdanSolder
225.2,0.126,19.4,11899,50,0.68,HPdanSolder
225.2,0.126,19.4,11899,50,0.68,HPdanSolder
225.2,0.126,19.4,11899,50,0.68,HPdanSolder
225.2,0.126,19.4,11899,50,0.68,HPdanSolder
225.2,0.126,19.4,11899,50,0.68,HPdanSolder
225.2,0.126,19.4,11899,50,0.68,HPdanSolder
225.2,0.126,19.4,11899,50,0.68,HPdanSolder
225.2,0.126,19.4,11899,50,0.68,HPdanSolder
225.2,0.126,19.4,11899,50,0.68,HPdanSolder
225.2,0.126,19.4,11899,50,0.68,HPdanSolder
225.2,0.126,19.4,11899,50,0.68,HPdanSolder
225.1,0.126,19.3,11899,50,0.68,HPdanSolder
225.1,0.126,19.3,11899,50,0.68,HPdanSolder
225.1,0.126,19.3,11899,50,0.68,HPdanSolder
225.1,0.126,19.3,11899,50,0.68,HPdanSolder
225.1,0.126,19.3,11899,50,0.68,HPdanSolder
225.1,0.126,19.3,11899,50,0.68,HPdanSolder
225.1,0.126,19.3,11899,50,0.68,HPdanSolder
225.1,0.126,19.3,11899,50,0.68,HPdanSolder
225.1,0.126,19.3,11899,50,0.68,HPdanSolder
225.1,0.126,19.3,11899,50,0.68,HPdanSolder
225,0.126,19.3,11899,50,0.68,HPdanSolder
225,0.126,19.3,11899,50,0.68,HPdanSolder
225,0.126,19.3,11899,50,0.68,HPdanSolder
225,0.126,19.3,11899,50,0.68,HPdanSolder
225,0.126,19.3,11899,50,0.68,HPdanSolder
225,0.126,19.3,11899,50,0.68,HPdanSolder
225,0.126,19.3,11899,50,0.68,HPdanSolder
225,0.126,19.3,11899,50,0.68,HPdanSolder
225,0.126,19.3,11899,50,0.68,HPdanSolder
225,0.126,19.3,11899,50,0.68,HPdanSolder
225.3,0.126,19.3,11899,50,0.68,HPdanSolder
225.3,0.126,19.3,11899,50,0.68,HPdanSolder
225.3,0.126,19.3,11899,50,0.68,HPdanSolder
225.3,0.126,19.3,11899,50,0.68,HPdanSolder
225.3,0.126,19.3,11899,50,0.68,HPdanSolder
225.3,0.126,19.3,11899,50,0.68,HPdanSolder
225.3,0.126,19.3,11899,50,0.68,HPdanSolder
225.3,0.126,19.3,11899,50,0.68,HPdanSolder
225.3,0.126,19.3,11899,50,0.68,HPdanSolder
225.3,0.126,19.3,11899,50,0.68,HPdanSolder
225.4,0.125,19.3,11899,50,0.69,HPdanSolder
225.4,0.125,19.3,11899,50,0.69,HPdanSolder
225.4,0.125,19.3,11899,50,0.69,HPdanSolder
225.4,0.125,19.3,11899,50,0.69,HPdanSolder
225.4,0.125,19.3,11899,50,0.69,HPdanSolder
225.4,0.125,19.3,11899,50,0.69,HPdanSolder
225.4,0.125,19.3,11899,50,0.69,HPdanSolder
225.4,0.125,19.3,11899,50,0.69,HPdanSolder
225.4,0.125,19.3,11899,50,0.69,HPdanSolder
225.4,0.125,19.3,11899,50,0.69,HPdanSolder
225.4,0.125,19.3,11899,50,0.69,HPdanSolder
225.4,0.125,19.3,11899,50,0.69,HPdanSolder
225.1,0.125,19.2,11899,50,0.68,HPdanSolder
225.1,0.125,19.2,11899,50,0.68,HPdanSolder
225.1,0.125,19.2,11899,50,0.68,HPdanSolder
225.1,0.125,19.2,11899,50,0.68,HPdanSolder
225.1,0.125,19.2,11899,50,0.68,HPdanSolder
225.1,0.125,19.2,11899,50,0.68,HPdanSolder
225.1,0.125,19.2,11899,50,0.68,HPdanSolder
225.1,0.125,19.2,11899,50,0.68,HPdanSolder
225.1,0.125,19.2,11899,50,0.68,HPdanSolder
225.1,0.125,19.2,11899,50,0.68,HPdanSolder
225.2,0.125,19.3,11899,50,0.69,HPdanSolder
225.2,0.125,19.3,11899,50,0.69,HPdanSolder
225.2,0.125,19.3,11899,50,0.69,HPdanSolder
225.2,0.125,19.3,11899,50,0.69,HPdanSolder
225.2,0.125,19.3,11899,50,0.69,HPdanSolder
225.2,0.125,19.3,11899,50,0.69,HPdanSolder
225.2,0.125,19.3,11899,50,0.69,HPdanSolder
225.2,0.125,19.3,11899,50,0.69,HPdanSolder
225.2,0.125,19.3,11899,50,0.69,HPdanSolder
225.2,0.125,19.3,11899,50,0.69,HPdanSolder
225.3,0.125,19.2,11899,50,0.68,HPdanSolder
225.3,0.125,19.2,11899,50,0.68,HPdanSolder
225.3,0.125,19.2,11899,50,0.68,HPdanSolder
225.3,0.125,19.2,11899,50,0.68,HPdanSolder
225.3,0.125,19.2,11899,50,0.68,HPdanSolder
225.3,0.125,19.2,11899,50,0.68,HPdanSolder
225.3,0.125,19.2,11899,50,0.68,HPdanSolder
225.3,0.125,19.2,11899,50,0.68,HPdanSolder
225.3,0.125,19.2,11899,50,0.68,HPdanSolder
225.3,0.125,19.2,11899,50,0.68,HPdanSolder
225.4,0.125,19.3,11899,50,0.69,HPdanSolder
225.4,0.125,19.3,11899,50,0.69,HPdanSolder
225.4,0.125,19.3,11899,50,0.69,HPdanSolder
225.4,0.125,19.3,11899,50,0.69,HPdanSolder
225.4,0.125,19.3,11899,50,0.69,HPdanSolder
225.4,0.125,19.3,11899,50,0.69,HPdanSolder
225.4,0.125,19.3,11899,50,0.69,HPdanSolder
225.4,0.125,19.3,11899,50,0.69,HPdanSolder
225.3,0.124,19,11899,50,0.68,HPdanSolder
225.3,0.124,19,11899,50,0.68,HPdanSolder
225.5,0.124,19.1,11899,50,0.68,HPdanSolder
225.5,0.124,19.1,11899,50,0.68,HPdanSolder
225.5,0.124,19.1,11899,50,0.68,HPdanSolder
225.5,0.124,19.1,11899,50,0.68,HPdanSolder
225.5,0.124,19.1,11899,50,0.68,HPdanSolder
225.5,0.124,19.1,11899,50,0.68,HPdanSolder
225.5,0.124,19.1,11899,50,0.68,HPdanSolder
225.5,0.124,19.1,11899,50,0.68,HPdanSolder
225.5,0.124,19.1,11899,50,0.68,HPdanSolder
225.5,0.124,19.1,11899,50,0.68,HPdanSolder
225.5,0.124,19.1,11899,50,0.68,HPdanSolder
225.5,0.124,19.1,11899,50,0.68,HPdanSolder
225.5,0.124,19.1,11899,50,0.68,HPdanSolder
225.5,0.124,19.1,11899,50,0.68,HPdanSolder
225.5,0.124,19.1,11899,50,0.68,HPdanSolder
225.5,0.124,19.1,11899,50,0.68,HPdanSolder
225.5,0.124,19.1,11899,50,0.68,HPdanSolder
225.5,0.124,19.1,11899,50,0.68,HPdanSolder
225.5,0.124,19.1,11899,50,0.68,HPdanSolder
225.5,0.124,19.1,11899,50,0.68,HPdanSolder
225.5,0.124,19.1,11899,50,0.68,HPdanSolder
225.5,0.124,19,11899,50,0.68,HPdanSolder
225.5,0.124,19,11899,50,0.68,HPdanSolder
225.5,0.124,19,11899,50,0.68,HPdanSolder
225.5,0.124,19,11899,50,0.68,HPdanSolder
225.5,0.124,19,11899,50,0.68,HPdanSolder
225.5,0.124,19,11899,50,0.68,HPdanSolder
225.5,0.124,19,11899,50,0.68,HPdanSolder
225.5,0.124,19,11899,50,0.68,HPdanSolder
225.5,0.124,19,11899,50,0.68,HPdanSolder
225.5,0.124,19,11899,50,0.68,HPdanSolder
225.4,0.123,19,11899,50,0.69,HPdanSolder
225.4,0.123,19,11899,50,0.69,HPdanSolder
225.4,0.123,19,11899,50,0.69,HPdanSolder
225.4,0.123,19,11899,50,0.69,HPdanSolder
225.4,0.123,19,11899,50,0.69,HPdanSolder
225.4,0.123,19,11899,50,0.69,HPdanSolder
225.4,0.123,19,11899,50,0.69,HPdanSolder
225.4,0.123,19,11899,50,0.69,HPdanSolder
225.4,0.123,19,11899,50,0.69,HPdanSolder
225.4,0.123,19,11899,50,0.69,HPdanSolder
225,0.122,18.9,11899,50,0.69,HPdanSolder
225,0.122,18.9,11899,50,0.69,HPdanSolder
225,0.122,18.9,11899,50,0.69,HPdanSolder
225,0.122,18.9,11899,50,0.69,HPdanSolder
225,0.122,18.9,11899,50,0.69,HPdanSolder
225,0.122,18.9,11899,50,0.69,HPdanSolder
225,0.122,18.9,11899,50,0.69,HPdanSolder
225,0.122,18.9,11899,50,0.69,HPdanSolder
225,0.122,18.9,11899,50,0.69,HPdanSolder
225,0.122,18.9,11899,50,0.69,HPdanSolder
225,0.122,18.9,11899,50,0.69,HPdanSolder
225,0.122,18.9,11899,50,0.69,HPdanSolder
225,0.123,18.9,11899,50,0.68,HPdanSolder
225,0.123,18.9,11899,50,0.68,HPdanSolder
225,0.123,18.9,11899,50,0.68,HPdanSolder
225,0.123,18.9,11899,50,0.68,HPdanSolder
225,0.123,18.9,11899,50,0.68,HPdanSolder
225,0.123,18.9,11899,50,0.68,HPdanSolder
225,0.123,18.9,11899,50,0.68,HPdanSolder
225,0.123,18.9,11899,50,0.68,HPdanSolder
225,0.123,18.9,11899,50,0.68,HPdanSolder
225,0.123,18.9,11899,50,0.68,HPdanSolder
225.2,0.122,18.9,11899,50,0.69,HPdanSolder
225.2,0.122,18.9,11899,50,0.69,HPdanSolder
225.2,0.122,18.9,11899,50,0.69,HPdanSolder
225.2,0.122,18.9,11899,50,0.69,HPdanSolder
225.2,0.122,18.9,11899,50,0.69,HPdanSolder
225.2,0.122,18.9,11899,50,0.69,HPdanSolder
225.2,0.122,18.9,11899,50,0.69,HPdanSolder
225.2,0.122,18.9,11899,50,0.69,HPdanSolder
225.2,0.122,18.9,11899,50,0.69,HPdanSolder
225.2,0.122,18.9,11899,50,0.69,HPdanSolder
225.3,0.122,18.9,11899,50,0.69,HPdanSolder
225.3,0.122,18.9,11899,50,0.69,HPdanSolder
225.3,0.122,18.9,11899,50,0.69,HPdanSolder
225.3,0.122,18.9,11899,50,0.69,HPdanSolder
225.3,0.122,18.9,11899,50,0.69,HPdanSolder
225.3,0.122,18.9,11899,50,0.69,HPdanSolder
225.3,0.122,18.9,11899,50,0.69,HPdanSolder
225.3,0.122,18.9,11899,50,0.69,HPdanSolder
225.3,0.122,18.9,11899,50,0.69,HPdanSolder
225.3,0.122,18.9,11899,50,0.69,HPdanSolder
225.3,0.121,18.8,11899,50,0.69,HPdanSolder
225.3,0.121,18.8,11899,50,0.69,HPdanSolder
225.3,0.121,18.8,11899,50,0.69,HPdanSolder
225.3,0.121,18.8,11899,50,0.69,HPdanSolder
225.3,0.121,18.8,11899,50,0.69,HPdanSolder
225.3,0.121,18.8,11899,50,0.69,HPdanSolder
225.3,0.121,18.8,11899,50,0.69,HPdanSolder
225.3,0.121,18.8,11899,50,0.69,HPdanSolder
225.3,0.121,18.8,11899,50,0.69,HPdanSolder
225.3,0.121,18.8,11899,50,0.69,HPdanSolder
225.3,0.121,18.8,11899,50,0.69,HPdanSolder
225.3,0.121,18.8,11899,50,0.69,HPdanSolder
225.3,0.121,18.8,11899,50,0.69,HPdanSolder
225.3,0.121,18.8,11899,50,0.69,HPdanSolder
225.3,0.121,18.8,11899,50,0.69,HPdanSolder
225.3,0.121,18.8,11899,50,0.69,HPdanSolder
225.3,0.121,18.8,11899,50,0.69,HPdanSolder
225.3,0.121,18.8,11899,50,0.69,HPdanSolder
225.3,0.121,18.8,11899,50,0.69,HPdanSolder
225.3,0.121,18.8,11899,50,0.69,HPdanSolder
225.3,0.121,18.8,11899,50,0.69,HPdanSolder
225.4,0.121,18.8,11899,50,0.69,HPdanSolder
225.4,0.121,18.8,11899,50,0.69,HPdanSolder
225.4,0.121,18.8,11899,50,0.69,HPdanSolder
225.4,0.121,18.8,11899,50,0.69,HPdanSolder
225.4,0.121,18.8,11899,50,0.69,HPdanSolder
225.4,0.121,18.8,11899,50,0.69,HPdanSolder
225.4,0.121,18.8,11899,50,0.69,HPdanSolder
225.4,0.121,18.8,11899,50,0.69,HPdanSolder
225.4,0.121,18.8,11899,50,0.69,HPdanSolder
225.4,0.121,18.8,11899,50,0.69,HPdanSolder
225.4,0.122,18.8,11899,50,0.68,HPdanSolder
225.4,0.122,18.8,11899,50,0.68,HPdanSolder
225.4,0.122,18.8,11899,50,0.68,HPdanSolder
225.4,0.122,18.8,11899,50,0.68,HPdanSolder
225.4,0.122,18.8,11899,50,0.68,HPdanSolder
225.4,0.122,18.8,11899,50,0.68,HPdanSolder
225.4,0.122,18.8,11899,50,0.68,HPdanSolder
225.4,0.122,18.8,11899,50,0.68,HPdanSolder
225.4,0.122,18.8,11899,50,0.68,HPdanSolder
225.4,0.122,18.8,11899,50,0.68,HPdanSolder
225.4,0.122,18.9,11899,50,0.69,HPdanSolder
225.4,0.122,18.9,11899,50,0.69,HPdanSolder
225.4,0.122,18.9,11899,50,0.69,HPdanSolder
225.4,0.122,18.9,11899,50,0.69,HPdanSolder
225.4,0.122,18.9,11899,50,0.69,HPdanSolder
225.4,0.122,18.9,11899,50,0.69,HPdanSolder
225.4,0.122,18.9,11899,50,0.69,HPdanSolder
225.4,0.122,18.9,11899,50,0.69,HPdanSolder
225.4,0.122,18.9,11899,50,0.69,HPdanSolder
225.4,0.122,18.9,11899,50,0.69,HPdanSolder
225.4,0.122,18.9,11899,50,0.69,HPdanSolder
225.3,0.122,18.9,11899,50,0.69,HPdanSolder
225.3,0.122,18.9,11899,50,0.69,HPdanSolder
225.3,0.122,18.9,11899,50,0.69,HPdanSolder
225.3,0.122,18.9,11899,50,0.69,HPdanSolder
225.3,0.122,18.9,11899,50,0.69,HPdanSolder
225.3,0.122,18.9,11899,50,0.69,HPdanSolder
225.3,0.122,18.9,11899,50,0.69,HPdanSolder
225.3,0.122,18.9,11899,50,0.69,HPdanSolder
225.3,0.122,18.9,11899,50,0.69,HPdanSolder
225.3,0.122,18.9,11899,50,0.69,HPdanSolder
225.2,0.121,18.8,11899,50,0.69,HPdanSolder
225.2,0.121,18.8,11899,50,0.69,HPdanSolder
225.2,0.121,18.8,11899,50,0.69,HPdanSolder
225.2,0.121,18.8,11899,50,0.69,HPdanSolder
225.2,0.121,18.8,11899,50,0.69,HPdanSolder
225.2,0.121,18.8,11899,50,0.69,HPdanSolder
225.2,0.121,18.8,11899,50,0.69,HPdanSolder
225.2,0.121,18.8,11899,50,0.69,HPdanSolder
225.2,0.121,18.8,11899,50,0.69,HPdanSolder
225.2,0.121,18.8,11899,50,0.69,HPdanSolder
225.4,0.122,18.9,11899,50,0.69,HPdanSolder
225.4,0.122,18.9,11899,50,0.69,HPdanSolder
225.4,0.122,18.9,11899,50,0.69,HPdanSolder
225.4,0.122,18.9,11899,50,0.69,HPdanSolder
225.4,0.122,18.9,11899,50,0.69,HPdanSolder
225.4,0.122,18.9,11899,50,0.69,HPdanSolder
225.4,0.122,18.9,11899,50,0.69,HPdanSolder
225.4,0.122,18.9,11899,50,0.69,HPdanSolder
225.4,0.122,18.9,11899,50,0.69,HPdanSolder
225.4,0.122,18.9,11899,50,0.69,HPdanSolder
225.2,0.122,18.7,11899,50,0.68,HPdanSolder
225.2,0.122,18.7,11899,50,0.68,HPdanSolder
225.2,0.122,18.7,11899,50,0.68,HPdanSolder
225.2,0.122,18.7,11899,50,0.68,HPdanSolder
225.2,0.122,18.7,11899,50,0.68,HPdanSolder
225.2,0.122,18.7,11899,50,0.68,HPdanSolder
225.2,0.122,18.7,11899,50,0.68,HPdanSolder
225.2,0.122,18.7,11899,50,0.68,HPdanSolder
225.2,0.122,18.7,11899,50,0.68,HPdanSolder
225.2,0.122,18.8,11899,50,0.68,HPdanSolder
225.2,0.122,18.8,11899,50,0.68,HPdanSolder
225.2,0.122,18.8,11899,50,0.68,HPdanSolder
225.2,0.122,18.8,11899,50,0.68,HPdanSolder
225.2,0.122,18.8,11899,50,0.68,HPdanSolder
225.2,0.122,18.8,11899,50,0.68,HPdanSolder
225.2,0.122,18.8,11899,50,0.68,HPdanSolder
225.2,0.122,18.8,11899,50,0.68,HPdanSolder
225.2,0.122,18.8,11899,50,0.68,HPdanSolder
225.2,0.122,18.8,11899,50,0.68,HPdanSolder
225.2,0.122,18.8,11899,50,0.68,HPdanSolder
225.2,0.122,18.8,11899,50,0.68,HPdanSolder
225.3,0.122,18.8,11899,50,0.68,HPdanSolder
225.3,0.122,18.8,11899,50,0.68,HPdanSolder
225.3,0.122,18.8,11899,50,0.68,HPdanSolder
225.3,0.122,18.8,11899,50,0.68,HPdanSolder
225.3,0.122,18.8,11899,50,0.68,HPdanSolder
225.3,0.122,18.8,11899,50,0.68,HPdanSolder
225.3,0.122,18.8,11899,50,0.68,HPdanSolder
225.3,0.122,18.8,11899,50,0.68,HPdanSolder
225.3,0.122,18.8,11899,50,0.68,HPdanSolder
225.3,0.122,18.8,11899,50,0.68,HPdanSolder
224.9,0.122,18.7,11899,50,0.68,HPdanSolder
224.9,0.122,18.7,11899,50,0.68,HPdanSolder
224.9,0.122,18.7,11899,50,0.68,HPdanSolder
224.9,0.122,18.7,11899,50,0.68,HPdanSolder
224.9,0.122,18.7,11899,50,0.68,HPdanSolder
224.9,0.122,18.7,11899,50,0.68,HPdanSolder
224.9,0.122,18.7,11899,50,0.68,HPdanSolder
224.9,0.122,18.7,11899,50,0.68,HPdanSolder
224.9,0.122,18.7,11899,50,0.68,HPdanSolder
224.9,0.122,18.7,11899,50,0.68,HPdanSolder
225.1,0.121,18.7,11899,50,0.69,HPdanSolder
225.1,0.121,18.7,11899,50,0.69,HPdanSolder
225.1,0.121,18.7,11899,50,0.69,HPdanSolder
225.1,0.121,18.7,11899,50,0.69,HPdanSolder
225.1,0.121,18.7,11899,50,0.69,HPdanSolder
225.1,0.121,18.7,11899,50,0.69,HPdanSolder
225.1,0.121,18.7,11899,50,0.69,HPdanSolder
225.1,0.121,18.7,11899,50,0.69,HPdanSolder
225.1,0.121,18.7,11899,50,0.69,HPdanSolder
225.1,0.121,18.7,11899,50,0.69,HPdanSolder
225.1,0.121,18.7,11899,50,0.69,HPdanSolder
225.1,0.121,18.7,11899,50,0.69,HPdanSolder
225.1,0.121,18.7,11899,50,0.69,HPdanSolder
225.1,0.121,18.7,11899,50,0.69,HPdanSolder
225.1,0.121,18.7,11899,50,0.69,HPdanSolder
225.1,0.121,18.7,11899,50,0.69,HPdanSolder
225.1,0.121,18.7,11899,50,0.69,HPdanSolder
225.1,0.121,18.7,11899,50,0.69,HPdanSolder
225.1,0.121,18.7,11899,50,0.69,HPdanSolder
225.1,0.121,18.7,11899,50,0.69,HPdanSolder
225.1,0.121,18.7,11899,50,0.69,HPdanSolder
224.7,0.121,18.6,11899,50,0.68,HPdanSolder
224.7,0.121,18.6,11899,50,0.68,HPdanSolder
224.7,0.121,18.6,11899,50,0.68,HPdanSolder
224.7,0.121,18.6,11899,50,0.68,HPdanSolder
224.7,0.121,18.6,11899,50,0.68,HPdanSolder
224.7,0.121,18.6,11899,50,0.68,HPdanSolder
224.7,0.121,18.6,11899,50,0.68,HPdanSolder
224.7,0.121,18.6,11899,50,0.68,HPdanSolder
224.7,0.121,18.6,11899,50,0.68,HPdanSolder
224.7,0.121,18.6,11899,50,0.68,HPdanSolder
224.8,0.121,18.6,11899,50,0.68,HPdanSolder
224.8,0.121,18.6,11899,50,0.68,HPdanSolder
224.8,0.121,18.6,11899,50,0.68,HPdanSolder
224.8,0.121,18.6,11899,50,0.68,HPdanSolder
224.8,0.121,18.6,11899,50,0.68,HPdanSolder
224.8,0.121,18.6,11899,50,0.68,HPdanSolder
224.8,0.121,18.6,11899,50,0.68,HPdanSolder
224.8,0.121,18.6,11899,50,0.68,HPdanSolder
224.8,0.121,18.6,11899,50,0.68,HPdanSolder
224.8,0.121,18.6,11899,50,0.68,HPdanSolder
224.9,0.121,18.6,11899,50,0.68,HPdanSolder
224.9,0.121,18.6,11899,50,0.68,HPdanSolder
224.9,0.121,18.6,11899,50,0.68,HPdanSolder
224.9,0.121,18.6,11899,50,0.68,HPdanSolder
224.9,0.121,18.6,11899,50,0.68,HPdanSolder
224.9,0.121,18.6,11899,50,0.68,HPdanSolder
224.9,0.121,18.6,11899,50,0.68,HPdanSolder
224.9,0.121,18.6,11899,50,0.68,HPdanSolder
224.9,0.121,18.6,11899,50,0.68,HPdanSolder
224.9,0.121,18.6,11899,50,0.68,HPdanSolder
224.9,0.12,18.6,11899,50,0.69,HPdanSolder
224.9,0.12,18.6,11899,50,0.69,HPdanSolder
224.9,0.12,18.6,11899,50,0.69,HPdanSolder
224.9,0.12,18.6,11899,50,0.69,HPdanSolder
224.9,0.12,18.6,11899,50,0.69,HPdanSolder
224.9,0.12,18.6,11899,50,0.69,HPdanSolder
224.9,0.12,18.6,11899,50,0.69,HPdanSolder
224.9,0.12,18.6,11899,50,0.69,HPdanSolder
224.9,0.12,18.6,11899,50,0.69,HPdanSolder
224.9,0.12,18.6,11899,50,0.69,HPdanSolder
224.9,0.12,18.6,11899,50,0.69,HPdanSolder
224.9,0.12,18.6,11899,50,0.69,HPdanSolder
224.8,0.12,18.6,11899,50,0.69,HPdanSolder
224.8,0.12,18.6,11899,50,0.69,HPdanSolder
224.8,0.12,18.6,11899,50,0.69,HPdanSolder
224.8,0.12,18.6,11899,50,0.69,HPdanSolder
224.8,0.12,18.6,11899,50,0.69,HPdanSolder
224.8,0.12,18.6,11899,50,0.69,HPdanSolder
224.8,0.12,18.6,11899,50,0.69,HPdanSolder
224.8,0.12,18.6,11899,50,0.69,HPdanSolder
224.8,0.12,18.6,11899,50,0.69,HPdanSolder
224.8,0.12,18.6,11899,50,0.69,HPdanSolder
225.1,0.121,18.7,11899,50,0.69,HPdanSolder
225.1,0.121,18.7,11899,50,0.69,HPdanSolder
225.1,0.121,18.7,11899,50,0.69,HPdanSolder
225.1,0.121,18.7,11899,50,0.69,HPdanSolder
225.1,0.121,18.7,11899,50,0.69,HPdanSolder
225.1,0.121,18.7,11899,50,0.69,HPdanSolder
225.1,0.121,18.7,11899,50,0.69,HPdanSolder
225.1,0.121,18.7,11899,50,0.69,HPdanSolder
225.3,0.121,18.7,11899,50,0.69,HPdanSolder
225.3,0.121,18.7,11899,50,0.69,HPdanSolder
225.3,0.121,18.7,11899,50,0.69,HPdanSolder
225.3,0.121,18.7,11899,50,0.69,HPdanSolder
225.3,0.121,18.7,11899,50,0.69,HPdanSolder
225.3,0.121,18.7,11899,50,0.69,HPdanSolder
225.3,0.121,18.7,11899,50,0.69,HPdanSolder
225.3,0.121,18.7,11899,50,0.69,HPdanSolder
225.3,0.121,18.7,11899,50,0.69,HPdanSolder
225.3,0.121,18.7,11899,50,0.69,HPdanSolder
225.4,0.12,18.7,11899,50,0.69,HPdanSolder
225.4,0.12,18.7,11899,50,0.69,HPdanSolder
225.4,0.12,18.7,11899,50,0.69,HPdanSolder
225.4,0.12,18.7,11899,50,0.69,HPdanSolder
225.4,0.12,18.7,11899,50,0.69,HPdanSolder
225.4,0.12,18.7,11899,50,0.69,HPdanSolder
225.4,0.12,18.7,11899,50,0.69,HPdanSolder
225.4,0.12,18.7,11899,50,0.69,HPdanSolder
225.4,0.12,18.7,11899,50,0.69,HPdanSolder
225.4,0.12,18.7,11899,50,0.69,HPdanSolder
225.1,0.121,18.6,11899,50,0.68,HPdanSolder
225.1,0.121,18.6,11899,50,0.68,HPdanSolder
225.1,0.121,18.6,11899,50,0.68,HPdanSolder
225.1,0.121,18.6,11899,50,0.68,HPdanSolder
225.1,0.121,18.6,11899,50,0.68,HPdanSolder
225.1,0.121,18.6,11899,50,0.68,HPdanSolder
225.1,0.121,18.6,11899,50,0.68,HPdanSolder
225.1,0.121,18.6,11899,50,0.68,HPdanSolder
225.1,0.121,18.6,11899,50,0.68,HPdanSolder
225.1,0.121,18.6,11899,50,0.68,HPdanSolder
225.1,0.121,18.6,11899,50,0.68,HPdanSolder
225.1,0.121,18.6,11899,50,0.68,HPdanSolder
225,0.12,18.5,11899,50,0.69,HPdanSolder
225,0.12,18.5,11899,50,0.69,HPdanSolder
225,0.12,18.5,11899,50,0.69,HPdanSolder
225,0.12,18.5,11899,50,0.69,HPdanSolder
225,0.12,18.5,11899,50,0.69,HPdanSolder
225,0.12,18.5,11899,50,0.69,HPdanSolder
225,0.12,18.5,11899,50,0.69,HPdanSolder
225,0.12,18.5,11899,50,0.69,HPdanSolder
225,0.12,18.5,11899,50,0.69,HPdanSolder
225,0.12,18.5,11899,50,0.69,HPdanSolder
225.2,0.12,18.5,11899,50,0.68,HPdanSolder
225.2,0.12,18.5,11899,50,0.68,HPdanSolder
225.2,0.12,18.5,11899,50,0.68,HPdanSolder
225.2,0.12,18.5,11899,50,0.68,HPdanSolder
225.2,0.12,18.5,11899,50,0.68,HPdanSolder
225.2,0.12,18.5,11899,50,0.68,HPdanSolder
225.2,0.12,18.5,11899,50,0.68,HPdanSolder
225.2,0.12,18.5,11899,50,0.68,HPdanSolder
225.2,0.12,18.5,11899,50,0.68,HPdanSolder
225.2,0.12,18.5,11899,50,0.68,HPdanSolder
225.2,0.12,18.6,11899,50,0.69,HPdanSolder
225.2,0.12,18.6,11899,50,0.69,HPdanSolder
225.2,0.12,18.6,11899,50,0.69,HPdanSolder
225.2,0.12,18.6,11899,50,0.69,HPdanSolder
225.2,0.12,18.6,11899,50,0.69,HPdanSolder
225.2,0.12,18.6,11899,50,0.69,HPdanSolder
225.2,0.12,18.6,11899,50,0.69,HPdanSolder
225.2,0.12,18.6,11899,50,0.69,HPdanSolder
225.2,0.12,18.6,11899,50,0.69,HPdanSolder
225.2,0.12,18.6,11899,50,0.69,HPdanSolder
225.2,0.12,18.6,11899,50,0.69,HPdanSolder
225.2,0.12,18.6,11899,50,0.69,HPdanSolder
225.2,0.12,18.6,11899,50,0.69,HPdanSolder
225.2,0.12,18.6,11899,50,0.69,HPdanSolder
225.2,0.12,18.6,11899,50,0.69,HPdanSolder
225.2,0.12,18.6,11899,50,0.69,HPdanSolder
225.2,0.12,18.6,11899,50,0.69,HPdanSolder
225.2,0.12,18.6,11899,50,0.69,HPdanSolder
225.2,0.12,18.6,11899,50,0.69,HPdanSolder
225.2,0.12,18.6,11899,50,0.69,HPdanSolder
224.9,0.12,18.6,11899,50,0.69,HPdanSolder
224.9,0.12,18.6,11899,50,0.69,HPdanSolder
224.9,0.12,18.6,11899,50,0.69,HPdanSolder
224.9,0.12,18.6,11899,50,0.69,HPdanSolder
224.9,0.12,18.6,11899,50,0.69,HPdanSolder
224.9,0.12,18.6,11899,50,0.69,HPdanSolder
224.9,0.12,18.6,11899,50,0.69,HPdanSolder
224.9,0.12,18.6,11899,50,0.69,HPdanSolder
224.9,0.12,18.6,11899,50,0.69,HPdanSolder
224.9,0.12,18.6,11899,50,0.69,HPdanSolder
225.1,0.12,18.6,11899,50,0.69,HPdanSolder
225.1,0.12,18.6,11899,50,0.69,HPdanSolder
225.1,0.12,18.6,11899,50,0.69,HPdanSolder
225.1,0.12,18.6,11899,50,0.69,HPdanSolder
225.1,0.12,18.6,11899,50,0.69,HPdanSolder
225.1,0.12,18.6,11899,50,0.69,HPdanSolder
225.1,0.12,18.6,11899,50,0.69,HPdanSolder
225.1,0.12,18.6,11899,50,0.69,HPdanSolder
225.1,0.12,18.6,11899,50,0.69,HPdanSolder
225.1,0.12,18.6,11899,50,0.69,HPdanSolder
224.8,0.12,18.6,11899,50,0.69,HPdanSolder
224.8,0.12,18.6,11899,50,0.69,HPdanSolder
224.8,0.12,18.6,11899,50,0.69,HPdanSolder
224.8,0.12,18.6,11899,50,0.69,HPdanSolder
224.8,0.12,18.6,11899,50,0.69,HPdanSolder
224.8,0.12,18.6,11899,50,0.69,HPdanSolder
224.8,0.12,18.6,11899,50,0.69,HPdanSolder
224.8,0.12,18.6,11899,50,0.69,HPdanSolder
224.8,0.12,18.6,11899,50,0.69,HPdanSolder
224.8,0.12,18.6,11899,50,0.69,HPdanSolder
224.9,0.12,18.5,11899,50,0.69,HPdanSolder
224.9,0.12,18.5,11899,50,0.69,HPdanSolder
224.9,0.12,18.5,11899,50,0.69,HPdanSolder
224.9,0.12,18.5,11899,50,0.69,HPdanSolder
224.9,0.12,18.5,11899,50,0.69,HPdanSolder
224.9,0.12,18.5,11899,50,0.69,HPdanSolder
224.9,0.12,18.5,11899,50,0.69,HPdanSolder
224.9,0.12,18.5,11899,50,0.69,HPdanSolder
224.9,0.12,18.5,11899,50,0.69,HPdanSolder
224.9,0.12,18.5,11899,50,0.69,HPdanSolder
224.9,0.12,18.5,11899,50,0.69,HPdanSolder
224.9,0.12,18.5,11899,50,0.69,HPdanSolder
224.9,0.12,18.6,11899,50,0.69,HPdanSolder
224.9,0.12,18.6,11899,50,0.69,HPdanSolder
224.9,0.12,18.6,11899,50,0.69,HPdanSolder
224.9,0.12,18.6,11899,50,0.69,HPdanSolder
224.9,0.12,18.6,11899,50,0.69,HPdanSolder
224.9,0.12,18.6,11899,50,0.69,HPdanSolder
224.9,0.12,18.6,11899,50,0.69,HPdanSolder
224.9,0.12,18.6,11899,50,0.69,HPdanSolder
224.9,0.12,18.6,11899,50,0.69,HPdanSolder
224.9,0.12,18.6,11899,50,0.69,HPdanSolder
224.8,0.12,18.5,11899,50,0.69,HPdanSolder
224.8,0.12,18.5,11899,50,0.69,HPdanSolder
224.8,0.12,18.5,11899,50,0.69,HPdanSolder
224.8,0.12,18.5,11899,50,0.69,HPdanSolder
224.8,0.12,18.5,11899,50,0.69,HPdanSolder
224.8,0.12,18.5,11899,50,0.69,HPdanSolder
224.8,0.12,18.5,11899,50,0.69,HPdanSolder
224.8,0.12,18.5,11899,50,0.69,HPdanSolder
224.8,0.12,18.5,11899,50,0.69,HPdanSolder
224.8,0.12,18.5,11899,50,0.69,HPdanSolder
224.8,0.121,18.6,11899,50,0.68,HPdanSolder
224.8,0.121,18.6,11899,50,0.68,HPdanSolder
224.8,0.121,18.6,11899,50,0.68,HPdanSolder
224.8,0.121,18.6,11899,50,0.68,HPdanSolder
224.8,0.121,18.6,11899,50,0.68,HPdanSolder
224.8,0.121,18.6,11899,50,0.68,HPdanSolder
224.8,0.121,18.6,11899,50,0.68,HPdanSolder
224.8,0.121,18.6,11899,50,0.68,HPdanSolder
224.8,0.121,18.6,11899,50,0.68,HPdanSolder
224.8,0.121,18.6,11899,50,0.68,HPdanSolder
224.9,0.12,18.6,11899,50,0.69,HPdanSolder
224.9,0.12,18.6,11899,50,0.69,HPdanSolder
224.9,0.12,18.6,11899,50,0.69,HPdanSolder
224.9,0.12,18.6,11899,50,0.69,HPdanSolder
224.9,0.12,18.6,11899,50,0.69,HPdanSolder
224.9,0.12,18.6,11899,50,0.69,HPdanSolder
224.9,0.12,18.6,11899,50,0.69,HPdanSolder
224.9,0.12,18.6,11899,50,0.69,HPdanSolder
224.9,0.12,18.6,11899,50,0.69,HPdanSolder
224.9,0.12,18.6,11899,50,0.69,HPdanSolder
224.9,0.12,18.6,11899,50,0.69,HPdanSolder
224.9,0.12,18.6,11899,50,0.69,HPdanSolder
225,0.12,18.6,11899,50,0.69,HPdanSolder
225,0.12,18.6,11899,50,0.69,HPdanSolder
225,0.12,18.6,11899,50,0.69,HPdanSolder
225,0.12,18.6,11899,50,0.69,HPdanSolder
225,0.12,18.6,11899,50,0.69,HPdanSolder
225,0.12,18.6,11899,50,0.69,HPdanSolder
225,0.12,18.6,11899,50,0.69,HPdanSolder
225,0.12,18.6,11899,50,0.69,HPdanSolder
225,0.12,18.6,11899,50,0.69,HPdanSolder
225,0.12,18.6,11899,50,0.69,HPdanSolder
224.7,0.12,18.6,11899,50,0.69,HPdanSolder
224.7,0.12,18.6,11899,50,0.69,HPdanSolder
224.7,0.12,18.6,11899,50,0.69,HPdanSolder
224.7,0.12,18.6,11899,50,0.69,HPdanSolder
224.7,0.12,18.6,11899,50,0.69,HPdanSolder
224.7,0.12,18.6,11899,50,0.69,HPdanSolder
224.7,0.12,18.6,11899,50,0.69,HPdanSolder
224.7,0.12,18.6,11899,50,0.69,HPdanSolder
224.7,0.12,18.6,11899,50,0.69,HPdanSolder
224.7,0.12,18.6,11899,50,0.69,HPdanSolder
224.8,0.12,18.5,11899,50,0.69,HPdanSolder
224.8,0.12,18.5,11899,50,0.69,HPdanSolder
224.8,0.12,18.5,11899,50,0.69,HPdanSolder
224.8,0.12,18.5,11899,49.9,0.69,HPdanSolder
224.8,0.12,18.5,11899,49.9,0.69,HPdanSolder
224.8,0.12,18.5,11899,50,0.69,HPdanSolder
224.8,0.12,18.5,11899,50,0.69,HPdanSolder
224.8,0.12,18.5,11899,50,0.69,HPdanSolder
224.8,0.12,18.5,11899,50,0.69,HPdanSolder
224.8,0.12,18.5,11899,50,0.69,HPdanSolder
225,0.12,18.6,11899,50,0.69,HPdanSolder
225,0.12,18.6,11899,50,0.69,HPdanSolder
225,0.12,18.6,11899,50,0.69,HPdanSolder
225,0.12,18.6,11899,50,0.69,HPdanSolder
225,0.12,18.6,11899,50,0.69,HPdanSolder
225,0.12,18.6,11899,50,0.69,HPdanSolder
225,0.12,18.6,11899,49.9,0.69,HPdanSolder
225,0.12,18.6,11899,49.9,0.69,HPdanSolder
225,0.12,18.6,11899,50,0.69,HPdanSolder
225,0.12,18.6,11899,50,0.69,HPdanSolder
225.2,0.12,18.6,11899,50,0.69,HPdanSolder
225.2,0.12,18.6,11899,50,0.69,HPdanSolder
225.2,0.12,18.6,11899,50,0.69,HPdanSolder
225.2,0.12,18.6,11899,50,0.69,HPdanSolder
225.2,0.12,18.6,11899,50,0.69,HPdanSolder
225.2,0.12,18.6,11899,49.9,0.69,HPdanSolder
225.2,0.12,18.6,11899,50,0.69,HPdanSolder
225.2,0.12,18.6,11899,50,0.69,HPdanSolder
225.2,0.12,18.6,11899,50,0.69,HPdanSolder
225.2,0.12,18.6,11899,49.9,0.69,HPdanSolder
225.2,0.12,18.6,11899,49.9,0.69,HPdanSolder
225,0.12,18.6,11899,50,0.69,HPdanSolder
225,0.12,18.6,11899,50,0.69,HPdanSolder
225,0.12,18.6,11899,50,0.69,HPdanSolder
225,0.12,18.6,11899,49.9,0.69,HPdanSolder
225,0.12,18.6,11899,49.9,0.69,HPdanSolder
225,0.12,18.6,11899,49.9,0.69,HPdanSolder
225,0.12,18.6,11899,49.9,0.69,HPdanSolder
225,0.12,18.6,11899,50,0.69,HPdanSolder
225,0.12,18.6,11899,49.9,0.69,HPdanSolder
225,0.12,18.6,11899,49.9,0.69,HPdanSolder
225,0.12,18.6,11899,49.9,0.69,HPdanSolder
225,0.12,18.6,11899,49.9,0.69,HPdanSolder
225,0.12,18.6,11899,50,0.69,HPdanSolder
225,0.12,18.6,11899,50,0.69,HPdanSolder
225,0.12,18.6,11899,50,0.69,HPdanSolder
225,0.12,18.6,11899,50,0.69,HPdanSolder
225,0.12,18.6,11899,50,0.69,HPdanSolder
225,0.12,18.6,11899,49.9,0.69,HPdanSolder
225,0.12,18.6,11899,49.9,0.69,HPdanSolder
225,0.12,18.6,11899,49.9,0.69,HPdanSolder
224.7,0.12,18.6,11899,50,0.69,HPdanSolder
224.7,0.12,18.6,11899,50,0.69,HPdanSolder
224.7,0.12,18.6,11899,49.9,0.69,HPdanSolder
224.7,0.12,18.6,11899,49.9,0.69,HPdanSolder
224.7,0.12,18.6,11899,49.9,0.69,HPdanSolder
224.7,0.12,18.6,11899,49.9,0.69,HPdanSolder
224.7,0.12,18.6,11899,49.9,0.69,HPdanSolder
224.7,0.12,18.6,11899,50,0.69,HPdanSolder
224.7,0.12,18.6,11899,50,0.69,HPdanSolder
224.7,0.12,18.6,11899,50,0.69,HPdanSolder
224.8,0.119,18.6,11899,49.9,0.7,HPdanSolder
224.8,0.119,18.6,11899,49.9,0.7,HPdanSolder
224.8,0.119,18.6,11899,49.9,0.7,HPdanSolder
224.8,0.119,18.6,11899,49.9,0.7,HPdanSolder
224.8,0.119,18.6,11899,49.9,0.7,HPdanSolder
224.8,0.119,18.6,11899,50,0.7,HPdanSolder
224.8,0.119,18.6,11899,50,0.7,HPdanSolder
224.8,0.119,18.6,11899,50,0.7,HPdanSolder
224.8,0.119,18.6,11899,49.9,0.7,HPdanSolder
224.8,0.119,18.6,11899,49.9,0.7,HPdanSolder
224.8,0.119,18.6,11899,49.9,0.7,HPdanSolder
224.8,0.119,18.6,11899,49.9,0.7,HPdanSolder
225,0.119,18.6,11899,49.9,0.69,HPdanSolder
225,0.119,18.6,11899,50,0.69,HPdanSolder
225,0.119,18.6,11899,50,0.69,HPdanSolder
225,0.119,18.6,11899,50,0.69,HPdanSolder
225,0.119,18.6,11899,50,0.69,HPdanSolder
225,0.119,18.6,11899,49.9,0.69,HPdanSolder
225,0.119,18.6,11899,49.9,0.69,HPdanSolder
225,0.119,18.6,11899,49.9,0.69,HPdanSolder
225,0.119,18.6,11899,49.9,0.69,HPdanSolder
225,0.119,18.6,11899,49.9,0.69,HPdanSolder
224.9,0.12,18.5,11899,50,0.69,HPdanSolder
224.9,0.12,18.5,11899,50,0.69,HPdanSolder
224.9,0.12,18.5,11899,50,0.69,HPdanSolder
224.9,0.12,18.5,11899,49.9,0.69,HPdanSolder
224.9,0.12,18.5,11899,49.9,0.69,HPdanSolder
224.9,0.12,18.5,11899,49.9,0.69,HPdanSolder
224.9,0.12,18.5,11899,49.9,0.69,HPdanSolder
224.9,0.12,18.5,11899,49.9,0.69,HPdanSolder
224.9,0.12,18.5,11899,49.9,0.69,HPdanSolder
224.9,0.12,18.5,11899,49.9,0.69,HPdanSolder
224.7,0.12,18.5,11899,50,0.69,HPdanSolder
224.7,0.12,18.5,11899,50,0.69,HPdanSolder
224.7,0.12,18.5,11899,50,0.69,HPdanSolder
224.7,0.12,18.5,11899,49.9,0.69,HPdanSolder
224.7,0.12,18.5,11899,49.9,0.69,HPdanSolder
224.7,0.12,18.5,11899,49.9,0.69,HPdanSolder
224.7,0.12,18.5,11899,49.9,0.69,HPdanSolder
224.7,0.12,18.5,11899,49.9,0.69,HPdanSolder
224.7,0.12,18.5,11899,49.9,0.69,HPdanSolder
224.7,0.12,18.5,11899,49.9,0.69,HPdanSolder
224.7,0.119,18.5,11899,49.9,0.69,HPdanSolder
224.7,0.119,18.5,11899,50,0.69,HPdanSolder
224.7,0.119,18.5,11899,50,0.69,HPdanSolder
224.7,0.119,18.5,11899,49.9,0.69,HPdanSolder
224.7,0.119,18.5,11899,49.9,0.69,HPdanSolder
224.7,0.119,18.5,11899,49.9,0.69,HPdanSolder
224.7,0.119,18.5,11899,49.9,0.69,HPdanSolder
224.7,0.119,18.5,11899,49.9,0.69,HPdanSolder
224.7,0.119,18.5,11899,49.9,0.69,HPdanSolder
224.7,0.119,18.5,11899,49.9,0.69,HPdanSolder
224.7,0.119,18.5,11899,49.9,0.69,HPdanSolder
224.8,0.12,18.5,11899,49.9,0.69,HPdanSolder
224.8,0.12,18.5,11899,49.9,0.69,HPdanSolder
224.8,0.12,18.5,11899,49.9,0.69,HPdanSolder
224.8,0.12,18.5,11899,49.9,0.69,HPdanSolder
224.8,0.12,18.5,11899,50,0.69,HPdanSolder
224.8,0.12,18.5,11899,49.9,0.69,HPdanSolder
224.8,0.12,18.5,11899,49.9,0.69,HPdanSolder
224.8,0.12,18.5,11899,49.9,0.69,HPdanSolder
224.8,0.12,18.5,11899,49.9,0.69,HPdanSolder
224.8,0.12,18.5,11899,49.9,0.69,HPdanSolder
224.8,0.119,18.5,11899,49.9,0.69,HPdanSolder
224.8,0.119,18.5,11899,49.9,0.69,HPdanSolder
