2025-12-03T15:10:57.322Z,226.7,0,0,0,0,38.16

2025-12-03T15:10:59.281Z,226.6,0,0,0,0,38.16

2025-12-03T15:11:01.149Z,226.7,0,0,0,0,38.16

2025-12-03T15:11:03.363Z,226.6,0,0,0,0,38.16

2025-12-03T15:11:05.206Z,226.7,0,0,0,0,38.16

2025-12-03T15:11:07.152Z,226.6,0,0,0,0,38.16

2025-12-03T15:11:09.103Z,226.7,0.04,0,23,0,38.16

2025-12-03T15:11:11.102Z,226.6,0.049,0,53,0,38.16

2025-12-03T15:11:13.195Z,226.6,0.071,0,81,0,38.16

2025-12-03T15:11:15.103Z,226.5,0.057,0,60,0,38.16

2025-12-03T15:11:17.105Z,226.6,0.061,0,68,0,38.16

2025-12-03T15:11:19.209Z,226.5,0.052,0,55,0,38.16

2025-12-03T15:11:21.107Z,226.6,0.051,0,55,0,38.16

2025-12-03T15:11:23.435Z,226.4,0.051,0,55,0,38.16

2025-12-03T15:11:25.110Z,226.6,0.049,0,53,0,38.16

2025-12-03T15:11:27.122Z,226.6,0.056,0,59,0,38.16

2025-12-03T15:11:29.169Z,226.7,0.06,0,66,0,38.16

2025-12-03T15:11:31.125Z,226.6,0.058,0,64,0,38.16

2025-12-03T15:11:33.114Z,226.6,0.056,0,60,0,38.16

2025-12-03T15:11:35.187Z,226.6,0.055,0,60,0,38.16

2025-12-03T15:11:37.362Z,226.7,0.045,0,47,0,38.16

2025-12-03T15:11:39.235Z,226.5,0.042,0,43,0,38.16

2025-12-03T15:11:41.150Z,226.7,0.042,0,44,0,38.16

2025-12-03T15:11:43.197Z,226.7,0.043,0,44,0,38.16

2025-12-03T15:11:45.245Z,226.8,0.044,0,46,0,38.16

2025-12-03T15:11:47.191Z,226.8,0.049,0,52,0,38.16

2025-12-03T15:11:49.135Z,226.7,0.042,0,43,0,38.16

2025-12-03T15:11:51.287Z,226.8,0.043,0,45,0,38.16

2025-12-03T15:11:53.335Z,226.7,0.044,0,46,0,38.16

2025-12-03T15:11:55.178Z,226.9,0.041,0,42,0,38.16

2025-12-03T15:11:57.226Z,226.7,0.041,0,42,0,38.16

2025-12-03T15:11:59.171Z,226.8,0.041,0,43,0,38.16

2025-12-03T15:12:01.417Z,226.8,0.042,0,43,0,38.16

2025-12-03T15:12:03.637Z,226.9,0.041,0,42,0,38.16

2025-12-03T15:12:05.315Z,226.8,0.04,0,41,0,38.16

2025-12-03T15:12:07.274Z,226.9,0.041,0,42,0,38.16

2025-12-03T15:12:09.318Z,226.9,0.045,0,48,0,38.16

2025-12-03T15:12:11.133Z,226.9,0.041,0,41,0,38.16

2025-12-03T15:12:13.200Z,226.8,0.041,0,42,0,38.16

2025-12-03T15:12:15.136Z,226.9,0.041,0,42,0,38.16

2025-12-03T15:12:17.296Z,226.9,0.042,0,42,0,38.16

2025-12-03T15:12:19.279Z,226.9,0.041,0,41,0,38.16

2025-12-03T15:12:21.188Z,226.8,0.041,0,42,0,38.16

2025-12-03T15:12:23.235Z,226.8,0.045,0,47,0,38.16

2025-12-03T15:12:25.187Z,226.9,0.041,0,42,0,38.16

2025-12-03T15:12:27.332Z,226.9,0.041,0,42,0,38.16

2025-12-03T15:12:29.175Z,226.8,0.039,0,41,0,38.16

2025-12-03T15:12:31.147Z,226.7,0.04,0,41,0,38.16

2025-12-03T15:12:33.375Z,226.8,0.041,0,43,0,38.16

2025-12-03T15:12:35.147Z,226.9,0.04,0,41,0,38.16

2025-12-03T15:12:37.162Z,226.9,0.039,0,40,0,38.16

2025-12-03T15:12:39.150Z,226.9,0.043,0,44,0,38.16

2025-12-03T15:12:41.259Z,226.9,0.04,0,41,0,38.16

2025-12-03T15:12:43.203Z,226.8,0.04,0,41,0,38.16

2025-12-03T15:12:45.154Z,226.8,0.04,0,41,0,38.16

2025-12-03T15:12:47.786Z,226.8,0.04,0,41,0,38.16

2025-12-03T15:12:49.245Z,226.7,0.04,0,41,0,38.16

2025-12-03T15:12:51.191Z,226.8,0.04,0,41,0,38.16

2025-12-03T15:12:53.303Z,226.7,0.04,0,41,0,38.16

2025-12-03T15:12:55.400Z,226.7,0.04,0,41,0,38.16

2025-12-03T15:12:57.233Z,226.6,0.04,0,40,0,38.16

2025-12-03T15:12:59.695Z,226.5,0.039,0,40,0,38.16

2025-12-03T15:13:01.161Z,226.5,0.04,0,41,0,38.16

2025-12-03T15:13:03.163Z,226.5,0.04,0,41,0,38.16

2025-12-03T15:13:05.220Z,226.6,0.04,0,40,0,38.16

2025-12-03T15:13:07.268Z,226.6,0.039,0,40,0,38.16

2025-12-03T15:13:09.213Z,226.5,0.039,0,40,0,38.16

2025-12-03T15:13:11.363Z,226.6,0.039,0,39,0,38.16

2025-12-03T15:13:13.207Z,226.5,0.039,0,40,0,38.16

2025-12-03T15:13:15.170Z,226.5,0.041,0,42,0,38.16

2025-12-03T15:13:17.200Z,226.6,0.039,0,40,0,38.16

2025-12-03T15:13:19.299Z,226.5,0.039,0,40,0,38.16

2025-12-03T15:13:21.194Z,226.6,0.039,0,40,0,38.16

2025-12-03T15:13:23.242Z,226.6,0.039,0,40,0,38.16

2025-12-03T15:13:25.187Z,226.6,0.039,0,40,0,38.16

2025-12-03T15:13:27.175Z,226.5,0.039,0,40,0,38.16

2025-12-03T15:13:29.283Z,226.6,0.039,0,40,0,38.16

2025-12-03T15:13:31.229Z,226.5,0.039,0,40,0,38.16

2025-12-03T15:13:33.277Z,226.5,0.039,0,40,0,38.16

2025-12-03T15:13:35.222Z,226.5,0.039,0,39,0,38.16

2025-12-03T15:13:38.269Z,226.5,0.04,0,41,0,38.16

2025-12-03T15:13:39.216Z,226.4,0.043,0,44,0,38.16

2025-12-03T15:13:41.264Z,226.5,0.039,0,40,0,38.16

2025-12-03T15:13:43.209Z,226.5,0.038,0,39,0,38.16

2025-12-03T15:13:45.360Z,226.5,0.042,0,43,0,38.16

2025-12-03T15:13:47.894Z,226.4,0.043,0,45,0,38.16

2025-12-03T15:13:49.251Z,226.4,0.039,0,40,0,38.16

2025-12-03T15:13:51.299Z,226.5,0.039,0,39,0,38.16

2025-12-03T15:13:53.255Z,226.5,0.043,0,44,0,38.16

2025-12-03T15:13:55.191Z,226.5,0.042,0,43,0,38.16

2025-12-03T15:13:57.256Z,226.5,0.039,0,40,0,38.16

2025-12-03T15:13:59.287Z,226.5,0.038,0,39,0,38.16

2025-12-03T15:14:01.232Z,226.5,0.04,0,41,0,38.16

2025-12-03T15:14:03.281Z,226.5,0.039,0,40,0,38.16

2025-12-03T15:14:05.194Z,226.5,0.039,0,40,0,38.16

2025-12-03T15:14:07.198Z,226.5,0.039,0,40,0,38.16

2025-12-03T15:14:09.196Z,226.5,0.039,0,40,0,38.16

2025-12-03T15:14:11.345Z,226.5,0.038,0,39,0,38.16

2025-12-03T15:14:13.214Z,226.4,0.039,0,39,0,38.16

2025-12-03T15:14:15.216Z,226.4,0.039,0,39,0,38.16

2025-12-03T15:14:17.207Z,226.5,0.038,0,39,0,38.16

2025-12-03T15:14:19.201Z,226.4,0.038,0,38,0,38.16

2025-12-03T15:14:21.202Z,226.4,0.038,0,39,0,38.16

2025-12-03T15:14:23.204Z,226.3,0.039,0,40,0,38.16

2025-12-03T15:14:25.249Z,226.3,0.037,0,38,0,38.16

2025-12-03T15:14:27.205Z,226.4,0.038,0,39,0,38.16

2025-12-03T15:14:29.293Z,226.4,0.038,0,39,0,38.16

2025-12-03T15:14:31.235Z,226.5,0.038,0,38,0,38.16

2025-12-03T15:14:33.284Z,226.5,0.037,0,38,0,38.16

2025-12-03T15:14:35.230Z,226.4,0.038,0,39,0,38.16

2025-12-03T15:14:37.210Z,226.4,0.038,0,39,0,38.16

2025-12-03T15:14:39.256Z,226.4,0.04,0,40,0,38.16

2025-12-03T15:14:41.270Z,226.3,0.038,0,39,0,38.16

2025-12-03T15:14:43.318Z,226.3,0.039,0,40,0,38.16

2025-12-03T15:14:45.265Z,226.3,0.038,0,38,0,38.16

2025-12-03T15:14:47.216Z,226.4,0.038,0,39,0,38.16

2025-12-03T15:14:49.216Z,226.4,0.038,0,38,0,38.16

2025-12-03T15:14:51.217Z,226.4,0.038,0,38,0,38.16

2025-12-03T15:14:53.251Z,226.4,0.038,0,38,0,38.16

2025-12-03T15:14:55.323Z,226.4,0.037,0,38,0,38.16

2025-12-03T15:14:57.352Z,226.4,0.038,0,38,0,38.16

2025-12-03T15:14:59.221Z,226.3,0.038,0,38,0,38.16

2025-12-03T15:15:01.238Z,226.3,0.038,0,38,0,38.16

2025-12-03T15:15:03.286Z,226.3,0.038,0,39,0,38.16

2025-12-03T15:15:05.386Z,226.3,0.037,0,38,0,38.16

2025-12-03T15:15:07.304Z,226.3,0.038,0,38,0,38.16

2025-12-03T15:15:09.227Z,226.2,0.027,0,27,0,38.16

2025-12-03T15:15:11.227Z,226.3,0,0,0,0,38.16

2025-12-03T15:15:13.322Z,226.3,0,0,0,0,38.16

2025-12-03T15:15:15.267Z,226.3,0,0,0,0,38.16

2025-12-03T15:15:17.420Z,226.4,0,0,0,0,38.16

2025-12-03T15:15:19.263Z,226.4,0,0,0,0,38.16

2025-12-03T15:15:21.276Z,226.5,0,0,0,0,38.16

2025-12-03T15:15:23.234Z,226.4,0,0,0,0,38.16

2025-12-03T15:15:25.433Z,226.4,0,0,0,0,38.16

2025-12-03T15:15:27.250Z,226.4,0,0,0,0,38.16

2025-12-03T15:15:29.297Z,226.4,0,0,0,0,38.16

2025-12-03T15:37:24.321Z,227,0.051,0,56,0,38.16

2025-12-03T15:37:25.958Z,227,0.065,0,74,0,38.16

2025-12-03T15:37:28.007Z,227,0.066,0,74,0,38.16

2025-12-03T15:37:29.952Z,226.9,0.059,0,65,0,38.16

2025-12-03T15:37:31.909Z,227,0.056,0,62,0,38.16

2025-12-03T15:37:34.047Z,227,0.057,0,63,0,38.16

2025-12-03T15:37:36.204Z,226.9,0.062,0,69,0,38.16

2025-12-03T15:37:38.043Z,226.8,0.068,0,77,0,38.16

2025-12-03T15:37:39.987Z,226.8,0.065,0,74,0,38.16

2025-12-03T15:37:42.036Z,226.8,0.064,0,73,0,38.16

2025-12-03T15:37:44.084Z,226.8,0.071,0,82,0,38.16

2025-12-03T15:37:45.922Z,226.8,0.063,0,72,0,38.16

2025-12-03T15:37:47.916Z,226.9,0.051,0,55,0,38.16

2025-12-03T15:37:50.023Z,226.8,0.04,0,44,0,38.16

2025-12-03T15:37:51.969Z,227,0,0,0,0,38.16

2025-12-03T15:37:54.222Z,226.8,0,0,0,0,38.16

2025-12-03T15:37:56.167Z,226.8,0,0,0,0,38.16

2025-12-03T15:37:58.010Z,226.8,0,0,0,0,38.16

2025-12-03T15:38:00.108Z,226.8,0,0,0,0,38.16

2025-12-03T15:38:02.106Z,226.5,0.14,0,190,0,38.16

2025-12-03T15:38:04.174Z,226.4,0.27,0,502,0,38.16

2025-12-03T15:38:05.999Z,226.3,0.355,0,674,0,38.16

2025-12-03T15:38:08.044Z,226.1,0.485,0,984,0,38.16

2025-12-03T15:38:10.092Z,226.1,0.499,0,1006,0,38.16

2025-12-03T15:38:11.929Z,226.1,0.493,0,998,0,38.16

2025-12-03T15:38:14.070Z,226.1,0.484,0,974,0,38.16

2025-12-03T15:38:16.034Z,226.3,0.385,0,752,0,38.16

2025-12-03T15:38:18.185Z,226.2,0.381,0,745,0,38.16

2025-12-03T15:38:20.022Z,226.2,0.38,0,742,0,38.16

2025-12-03T15:38:22.176Z,226.1,0.384,0,750,0,38.16

2025-12-03T15:38:24.019Z,226.1,0.407,0,804,0,38.16

2025-12-03T15:38:25.964Z,226.1,0.418,0,823,0,38.16

2025-12-03T15:38:28.013Z,226.2,0.359,0,696,0,38.17

2025-12-03T15:38:29.958Z,226.1,0.36,0,696,0,38.17

2025-12-03T15:38:32.110Z,226,0.387,0,755,0,38.17

2025-12-03T15:38:33.952Z,226.1,0.357,0,690,0,38.17

2025-12-03T15:38:36.103Z,226.1,0.361,0,697,0,38.17

2025-12-03T15:38:38.150Z,226.1,0.354,0,684,0,38.17

2025-12-03T15:38:39.993Z,226,0.36,0,697,0,38.17

2025-12-03T15:38:42.041Z,226.1,0.355,0,686,0,38.17

2025-12-03T15:38:43.987Z,226.1,0.36,0,709,0,38.17

2025-12-03T15:38:45.947Z,226.1,0.355,0,687,0,38.17

2025-12-03T15:38:48.034Z,225.9,0.441,0,872,0,38.17

2025-12-03T15:38:50.131Z,225.9,0.416,0,822,0,38.17

2025-12-03T15:38:51.951Z,225.9,0.414,0,816,0,38.17

2025-12-03T15:38:53.950Z,225.9,0.413,0,816,0,38.17

2025-12-03T15:38:56.071Z,225.9,0.416,0,819,0,38.17

2025-12-03T15:38:57.952Z,226,0.415,0,821,0,38.17

2025-12-03T15:39:00.063Z,226,0.419,0,826,0,38.17

2025-12-03T15:39:02.009Z,225.9,0.413,0,812,0,38.17

2025-12-03T15:39:03.957Z,225.9,0.427,0,847,0,38.17

2025-12-03T15:39:06.003Z,225.9,0.427,0,847,0,38.17

2025-12-03T15:39:08.051Z,225.8,0.424,0,840,0,38.17

2025-12-03T15:39:10.086Z,225.8,0.44,0,874,0,38.17

2025-12-03T15:39:12.053Z,225.8,0.416,0,820,0,38.18

2025-12-03T15:39:14.085Z,225.8,0.437,0,866,0,38.18

2025-12-03T15:39:15.961Z,225.8,0.408,0,812,0,38.18

2025-12-03T15:39:17.983Z,225.9,0.373,0,726,0,38.18

2025-12-03T15:39:20.032Z,225.9,0.369,0,714,0,38.18

2025-12-03T15:39:21.977Z,225.9,0.416,0,826,0,38.18

2025-12-03T15:39:24.065Z,225.9,0.43,0,846,0,38.18

2025-12-03T15:39:26.075Z,226,0.365,0,709,0,38.18

2025-12-03T15:39:28.176Z,226,0.377,0,731,0,38.18

2025-12-03T15:39:30.172Z,226.1,0.369,0,717,0,38.18

2025-12-03T15:39:32.134Z,226.1,0.384,0,748,0,38.18

2025-12-03T15:39:33.970Z,226,0.454,0,901,0,38.18

2025-12-03T15:39:35.971Z,226,0.44,0,873,0,38.18

2025-12-03T15:39:38.021Z,226,0.449,0,894,0,38.18

2025-12-03T15:39:40.000Z,226,0.463,0,925,0,38.18

2025-12-03T15:39:42.152Z,226,0.482,0,969,0,38.18

2025-12-03T15:39:44.001Z,226,0.446,0,883,0,38.18

2025-12-03T15:39:46.042Z,225.9,0.462,0,926,0,38.18

2025-12-03T15:39:47.987Z,226,0.401,0,792,0,38.18

2025-12-03T15:39:50.035Z,226.1,0.352,0,679,0,38.18

2025-12-03T15:39:51.983Z,226,0.523,0,839,0,38.18

2025-12-03T15:39:53.981Z,225.9,0.528,0,1036,0,38.18

2025-12-03T15:39:56.107Z,225.9,0.501,0,974,0,38.18

2025-12-03T15:39:58.022Z,225.6,0.671,0,1364,0,38.19

2025-12-03T15:40:00.021Z,225.7,0.642,0,1296,0,38.19

2025-12-03T15:40:02.016Z,225.6,0.665,0,1347,0,38.19

2025-12-03T15:40:04.567Z,225.7,0.657,0,1326,0,38.19

2025-12-03T15:40:06.113Z,225.7,0.638,0,1294,0,38.19

2025-12-03T15:40:08.018Z,225.7,0.649,0,1312,0,38.19

2025-12-03T15:40:10.003Z,225.6,0.653,0,1317,0,38.19

2025-12-03T15:40:12.154Z,225.6,0.633,0,1277,0,38.19

2025-12-03T15:40:13.997Z,225.6,0.636,0,1280,0,38.19

2025-12-03T15:40:16.044Z,225.6,0.631,0,1275,0,38.19

2025-12-03T15:40:18.093Z,225.7,0.632,0,1275,0,38.19

2025-12-03T15:40:20.236Z,225.6,0.645,0,1301,0,38.19

2025-12-03T15:40:21.995Z,225.6,0.638,0,1290,0,38.19

2025-12-03T15:40:24.238Z,226,0.398,0,797,0,38.2

2025-12-03T15:40:26.080Z,225.9,0.352,0,681,0,38.2

2025-12-03T15:40:28.129Z,225.8,0.381,0,741,0,38.2

2025-12-03T15:40:29.998Z,225.8,0.375,0,730,0,38.2

2025-12-03T15:40:32.121Z,225.5,0.384,0,750,0,38.2

2025-12-03T15:40:34.003Z,225.5,0.391,0,771,0,38.2

2025-12-03T15:40:36.013Z,225.6,0.369,0,715,0,38.2

2025-12-03T15:40:38.266Z,225.6,0.369,0,712,0,38.2

2025-12-03T15:40:40.109Z,225.6,0.352,0,679,0,38.2

2025-12-03T15:40:42.056Z,225.6,0.363,0,702,0,38.2

2025-12-03T15:40:44.007Z,225.6,0.352,0,679,0,38.2

2025-12-03T15:40:46.008Z,225.6,0.36,0,696,0,38.2

2025-12-03T15:40:48.165Z,225.6,0.36,0,699,0,38.2

2025-12-03T15:40:50.042Z,225.7,0.355,0,687,0,38.2

2025-12-03T15:40:52.090Z,225.7,0.359,0,693,0,38.2

2025-12-03T15:40:54.035Z,225.7,0.356,0,688,0,38.2

2025-12-03T15:40:56.289Z,225.6,0.358,0,691,0,38.2

2025-12-03T15:40:58.132Z,225.6,0.362,0,704,0,38.2

2025-12-03T15:41:00.180Z,225.7,0.363,0,702,0,38.2

2025-12-03T15:41:02.126Z,225.7,0.359,0,694,0,38.2

2025-12-03T15:41:04.070Z,225.7,0.353,0,680,0,38.2

2025-12-03T15:41:06.121Z,225.7,0.365,0,712,0,38.2

2025-12-03T15:41:08.064Z,225.9,0.359,0,692,0,38.2

2025-12-03T15:41:10.112Z,225.8,0.371,0,718,0,38.2

2025-12-03T15:41:12.058Z,225.8,0.369,0,712,0,38.2

2025-12-03T15:41:14.022Z,225.7,0.364,0,704,0,38.2

2025-12-03T15:41:16.022Z,225.7,0.392,0,762,0,38.21

2025-12-03T15:41:18.104Z,225.7,0.411,0,810,0,38.21

2025-12-03T15:41:20.045Z,225.5,0.407,0,799,0,38.21

2025-12-03T15:41:22.298Z,225.5,0.402,0,791,0,38.21

2025-12-03T15:41:24.038Z,225.5,0.416,0,822,0,38.21

2025-12-03T15:41:26.086Z,225.4,0.41,0,807,0,38.21

2025-12-03T15:41:28.134Z,225.6,0.404,0,793,0,38.21

2025-12-03T15:41:30.070Z,225.5,0.408,0,804,0,38.21

2025-12-03T15:41:32.114Z,225.6,0.399,0,783,0,38.21

2025-12-03T15:41:34.056Z,225.6,0.401,0,790,0,38.21

2025-12-03T15:41:36.033Z,225.6,0.409,0,805,0,38.21

2025-12-03T15:41:38.124Z,225.6,0.407,0,807,0,38.21

2025-12-03T15:41:40.119Z,225.6,0.422,0,832,0,38.21

2025-12-03T15:41:42.063Z,225.5,0.42,0,827,0,38.21

2025-12-03T15:41:44.045Z,225.5,0.42,0,832,0,38.21

2025-12-03T15:41:46.054Z,225.6,0.396,0,770,0,38.21

2025-12-03T15:41:48.156Z,225.4,0.439,0,868,0,38.21

2025-12-03T15:41:50.132Z,225.5,0.44,0,871,0,38.21

2025-12-03T15:41:52.109Z,225.4,0.447,0,888,0,38.21

2025-12-03T15:41:54.045Z,225.4,0.449,0,887,0,38.21

2025-12-03T15:41:56.090Z,225.4,0.428,0,849,0,38.21

2025-12-03T15:41:58.138Z,225.5,0.364,0,706,0,38.21

2025-12-03T15:42:00.289Z,225.5,0.358,0,689,0,38.22

2025-12-03T15:42:02.131Z,225.4,0.367,0,713,0,38.22

2025-12-03T15:42:04.077Z,225.5,0.365,0,706,0,38.22

2025-12-03T15:42:06.048Z,225.5,0.349,0,672,0,38.22

2025-12-03T15:42:08.173Z,225.4,0.363,0,702,0,38.22

2025-12-03T15:42:10.119Z,225.5,0.357,0,689,0,38.22

2025-12-03T15:42:12.167Z,225.4,0.345,0,663,0,38.22

2025-12-03T15:42:14.112Z,225.5,0.363,0,704,0,38.22

2025-12-03T15:42:16.058Z,225.5,0.343,0,659,0,38.22

2025-12-03T15:42:18.148Z,225.5,0.36,0,695,0,38.22

2025-12-03T15:42:20.155Z,225.4,0.356,0,687,0,38.22

2025-12-03T15:42:22.055Z,225.4,0.348,0,668,0,38.22

2025-12-03T15:42:24.149Z,225.4,0.353,0,682,0,38.22

2025-12-03T15:42:26.403Z,225.5,0.354,0,683,0,38.22

2025-12-03T15:42:28.142Z,225.4,0.35,0,672,0,38.22

2025-12-03T15:42:30.285Z,225.5,0.355,0,685,0,38.22

2025-12-03T15:42:32.135Z,225.4,0.368,0,711,0,38.22

2025-12-03T15:42:34.078Z,225.5,0.358,0,692,0,38.22

2025-12-03T15:42:36.165Z,225.4,0.357,0,689,0,38.22

2025-12-03T15:42:38.064Z,225.5,0.346,0,666,0,38.22

2025-12-03T15:42:40.122Z,225.5,0.344,0,661,0,38.22

2025-12-03T15:42:42.068Z,225.4,0.341,0,653,0,38.22

2025-12-03T15:42:44.218Z,225.5,0.348,0,669,0,38.22

2025-12-03T15:42:46.164Z,225.4,0.361,0,698,0,38.22

2025-12-03T15:42:48.212Z,225.5,0.364,0,705,0,38.22

2025-12-03T15:42:50.260Z,225.5,0.334,0,639,0,38.22

2025-12-03T15:42:52.102Z,225.5,0.345,0,661,0,38.22

2025-12-03T15:42:54.151Z,225.4,0.38,0,740,0,38.23

2025-12-03T15:42:56.096Z,225.6,0.342,0,654,0,38.23

2025-12-03T15:42:58.131Z,225.5,0.337,0,648,0,38.23

2025-12-03T15:43:00.193Z,225.7,0.348,0,669,0,38.23

2025-12-03T15:43:02.138Z,225.8,0.349,0,669,0,38.23

2025-12-03T15:43:04.083Z,225.6,0.349,0,677,0,38.23

2025-12-03T15:43:06.172Z,225.7,0.361,0,700,0,38.23

2025-12-03T15:43:08.263Z,225.6,0.364,0,700,0,38.23

2025-12-03T15:43:10.081Z,225.6,0.347,0,668,0,38.23

2025-12-03T15:43:12.173Z,225.6,0.349,0,673,0,38.23

2025-12-03T15:43:14.222Z,225.7,0.329,0,628,0,38.23

2025-12-03T15:43:16.084Z,225.7,0.328,0,627,0,38.23

2025-12-03T15:43:18.172Z,225.6,0.35,0,673,0,38.23

2025-12-03T15:43:20.166Z,225.8,0.364,0,703,0,38.23

2025-12-03T15:43:22.208Z,225.7,0.364,0,704,0,38.23

2025-12-03T15:43:24.155Z,225.7,0.332,0,638,0,38.23

2025-12-03T15:43:26.100Z,225.8,0.322,0,614,0,38.23

2025-12-03T15:43:28.148Z,225.8,0.35,0,674,0,38.23

2025-12-03T15:43:30.196Z,225.8,0.337,0,649,0,38.23

2025-12-03T15:43:32.142Z,225.6,0.331,0,632,0,38.23

2025-12-03T15:43:34.190Z,225.6,0.339,0,652,0,38.23

2025-12-03T15:43:36.135Z,225.6,0.349,0,673,0,38.23

2025-12-03T15:43:38.288Z,225.5,0.369,0,715,0,38.23

2025-12-03T15:43:40.375Z,225.6,0.356,0,686,0,38.23

2025-12-03T15:43:42.178Z,225.5,0.374,0,718,0,38.23

2025-12-03T15:43:44.097Z,225.6,0.379,0,743,0,38.23

2025-12-03T15:43:46.275Z,225.7,0.365,0,705,0,38.24

2025-12-03T15:43:48.218Z,225.6,0.347,0,669,0,38.24

2025-12-03T15:43:50.267Z,225.6,0.367,0,712,0,38.24

2025-12-03T15:43:52.211Z,225.6,0.347,0,669,0,38.24

2025-12-03T15:43:54.160Z,225.6,0.358,0,692,0,38.24

2025-12-03T15:43:56.247Z,225.6,0.347,0,669,0,38.24

2025-12-03T15:43:58.253Z,225.6,0.342,0,656,0,38.24

2025-12-03T15:44:00.340Z,225.7,0.352,0,691,0,38.24

2025-12-03T15:44:02.152Z,225.8,0.34,0,653,0,38.24

2025-12-03T15:44:04.193Z,225.8,0.337,0,646,0,38.24

2025-12-03T15:44:06.138Z,225.7,0.339,0,651,0,38.24

2025-12-03T15:44:08.288Z,225.7,0.357,0,687,0,38.24

2025-12-03T15:44:10.235Z,225.8,0.358,0,699,0,38.24

2025-12-03T15:44:12.113Z,225.7,0.413,0,811,0,38.24

2025-12-03T15:44:14.125Z,225.8,0.395,0,775,0,38.24

2025-12-03T15:44:16.352Z,225.8,0.396,0,776,0,38.24

2025-12-03T15:44:18.125Z,225.7,0.404,0,794,0,38.24

2025-12-03T15:44:20.166Z,225.7,0.391,0,766,0,38.24

2025-12-03T15:44:22.215Z,225.7,0.396,0,775,0,38.24

2025-12-03T15:44:24.301Z,225.7,0.394,0,774,0,38.24

2025-12-03T15:44:26.390Z,225.8,0.394,0,768,0,38.24

2025-12-03T15:44:28.154Z,225.7,0.421,0,832,0,38.24

2025-12-03T15:44:30.216Z,225.8,0.358,0,695,0,38.24

2025-12-03T15:44:32.151Z,225.7,0.409,0,800,0,38.24

2025-12-03T15:44:34.199Z,225.7,0.414,0,817,0,38.24

2025-12-03T15:44:36.124Z,225.7,0.385,0,752,0,38.25

2025-12-03T15:44:38.204Z,225.8,0.342,0,659,0,38.25

2025-12-03T15:44:40.149Z,225.8,0.349,0,671,0,38.25

2025-12-03T15:44:42.127Z,225.8,0.393,0,774,0,38.25

2025-12-03T15:44:44.131Z,225.8,0.395,0,772,0,38.25

2025-12-03T15:44:46.130Z,225.7,0.425,0,838,0,38.25

2025-12-03T15:44:48.246Z,225.8,0.396,0,780,0,38.25

2025-12-03T15:44:50.133Z,225.8,0.372,0,717,0,38.25

2025-12-03T15:44:52.133Z,225.8,0.363,0,709,0,38.25

2025-12-03T15:44:54.163Z,225.8,0.357,0,690,0,38.25

2025-12-03T15:44:56.254Z,225.9,0.384,0,748,0,38.25

2025-12-03T15:44:58.264Z,225.8,0.371,0,716,0,38.25

2025-12-03T15:45:00.137Z,225.8,0.354,0,689,0,38.25

2025-12-03T15:45:02.138Z,225.9,0.358,0,693,0,38.25

2025-12-03T15:45:04.199Z,225.9,0.339,0,654,0,38.25

2025-12-03T15:45:06.292Z,225.9,0.328,0,635,0,38.25

2025-12-03T15:45:08.298Z,225.9,0.328,0,627,0,38.25

2025-12-03T15:45:10.144Z,225.8,0.328,0,627,0,38.25

2025-12-03T15:45:12.144Z,225.8,0.338,0,650,0,38.25

2025-12-03T15:45:14.234Z,225.8,0.366,0,710,0,38.25

2025-12-03T15:45:16.179Z,225.8,0.329,0,630,0,38.25

2025-12-03T15:45:18.145Z,225.8,0.325,0,623,0,38.25

2025-12-03T15:45:20.175Z,225.8,0.327,0,623,0,38.25

2025-12-03T15:45:22.146Z,225.8,0.327,0,624,0,38.25

2025-12-03T15:45:24.149Z,225.9,0.318,0,609,0,38.25

2025-12-03T15:45:26.215Z,225.9,0.33,0,630,0,38.25

2025-12-03T15:45:28.306Z,225.8,0.323,0,617,0,38.25

2025-12-03T15:45:30.208Z,225.9,0.323,0,614,0,38.25

2025-12-03T15:45:32.155Z,225.9,0.322,0,617,0,38.26

2025-12-03T15:45:34.154Z,225.8,0.334,0,642,0,38.26

2025-12-03T15:45:36.250Z,225.9,0.322,0,615,0,38.26

2025-12-03T15:45:38.196Z,225.8,0.322,0,614,0,38.26

2025-12-03T15:45:40.157Z,225.8,0.345,0,664,0,38.26

2025-12-03T15:45:42.158Z,225.8,0.315,0,601,0,38.26

2025-12-03T15:48:15.892Z,226.2,0.309,0,588,0,38.28

2025-12-03T15:48:17.940Z,226.2,0.326,0,623,0,38.28

2025-12-03T15:48:19.885Z,226.1,0.322,0,616,0,38.28

2025-12-03T15:48:21.933Z,226.3,0.318,0,606,0,38.29

2025-12-03T15:48:23.982Z,226.2,0.324,0,619,0,38.29

2025-12-03T15:48:25.927Z,226.2,0.332,0,633,0,38.29

2025-12-03T15:48:29.077Z,226.3,0.316,0,600,0,38.29

2025-12-03T15:48:29.921Z,226.3,0.318,0,605,0,38.29

2025-12-03T15:48:32.048Z,226.2,0.309,0,588,0,38.29

2025-12-03T15:48:33.914Z,226.3,0.304,0,577,0,38.29

2025-12-03T15:48:35.963Z,226.3,0.304,0,578,0,38.29

2025-12-03T15:48:37.963Z,226.3,0.303,0,575,0,38.29

2025-12-03T15:48:39.956Z,226.3,0.3,0,568,0,38.29

2025-12-03T15:48:41.872Z,226.3,0.303,0,575,0,38.29

2025-12-03T15:48:43.950Z,226.3,0.303,0,574,0,38.29

2025-12-03T15:48:45.895Z,226.2,0.311,0,591,0,38.29

2025-12-03T15:48:47.943Z,226.3,0.299,0,569,0,38.29

2025-12-03T15:48:50.142Z,226.2,0.301,0,570,0,38.29

2025-12-03T15:48:51.878Z,226.1,0.3,0,569,0,38.29

2025-12-03T15:48:54.087Z,226.2,0.301,0,570,0,38.29

2025-12-03T15:48:56.136Z,226.1,0.303,0,573,0,38.29

2025-12-03T15:48:57.979Z,226.1,0.31,0,589,0,38.29

2025-12-03T15:48:59.924Z,226,0.339,0,646,0,38.29

2025-12-03T15:49:01.972Z,226,0.345,0,666,0,38.29

2025-12-03T15:49:04.020Z,226,0.343,0,662,0,38.29

2025-12-03T15:49:06.109Z,226.2,0.303,0,573,0,38.29

2025-12-03T15:49:07.911Z,226.2,0.318,0,605,0,38.29

2025-12-03T15:49:09.947Z,226.1,0.303,0,574,0,38.29

2025-12-03T15:49:12.110Z,226.1,0.295,0,563,0,38.29

2025-12-03T15:49:13.953Z,226.1,0.298,0,564,0,38.29

2025-12-03T15:49:16.039Z,226.1,0.299,0,568,0,38.29

2025-12-03T15:49:17.946Z,226.2,0.297,0,561,0,38.29

2025-12-03T15:49:19.894Z,226.1,0.298,0,564,0,38.29

2025-12-03T15:49:21.940Z,226.2,0.294,0,555,0,38.29

2025-12-03T15:49:24.030Z,226.2,0.297,0,563,0,38.3

2025-12-03T15:49:25.933Z,226.1,0.296,0,560,0,38.3

2025-12-03T15:49:28.180Z,226.2,0.305,0,578,0,38.3

2025-12-03T15:49:31.085Z,226.2,0.305,0,580,0,38.3

2025-12-03T15:49:32.003Z,226.2,0.29,0,547,0,38.3

2025-12-03T15:49:34.153Z,226.1,0.297,0,559,0,38.3

2025-12-03T15:49:35.969Z,226.1,0.293,0,555,0,38.3

2025-12-03T15:49:39.459Z,226.1,0.296,0,560,0,38.3

2025-12-03T15:49:40.160Z,226.1,0.294,0,554,0,38.3

2025-12-03T15:49:42.011Z,226.2,0.301,0,568,0,38.3

2025-12-03T15:49:43.938Z,226.2,0.295,0,557,0,38.3

2025-12-03T15:49:46.217Z,226.2,0.296,0,559,0,38.3

2025-12-03T15:49:47.950Z,226,0.407,0,806,0,38.3

2025-12-03T15:49:50.088Z,226.1,0.338,0,653,0,38.3

2025-12-03T15:50:20.001Z,226.4,0.283,0,531,0,38.3

2025-12-03T15:50:21.948Z,226.3,0.298,0,564,0,38.3

2025-12-03T15:50:23.894Z,226.4,0.291,0,550,0,38.3

2025-12-03T15:50:25.838Z,226.3,0.291,0,548,0,38.31

2025-12-03T15:50:27.887Z,226.3,0.29,0,548,0,38.31

2025-12-03T15:50:29.935Z,226.3,0.294,0,554,0,38.31

2025-12-03T15:50:31.814Z,226.3,0.294,0,554,0,38.31

2025-12-03T15:50:33.880Z,226.3,0.289,0,545,0,38.31

2025-12-03T15:50:36.103Z,226.2,0.293,0,552,0,38.31

2025-12-03T15:50:37.922Z,226.3,0.291,0,551,0,38.31

2025-12-03T15:50:39.867Z,226.3,0.289,0,546,0,38.31

2025-12-03T15:50:41.915Z,226.4,0.289,0,546,0,38.31

2025-12-03T15:50:43.819Z,226.3,0.288,0,542,0,38.31

2025-12-03T15:50:45.908Z,226.3,0.293,0,555,0,38.31

2025-12-03T15:50:47.854Z,226.3,0.289,0,547,0,38.31

2025-12-03T15:50:50.310Z,226.4,0.292,0,550,0,38.31

2025-12-03T15:50:51.951Z,226.3,0.289,0,545,0,38.31

2025-12-03T15:50:53.896Z,226.3,0.291,0,550,0,38.31

2025-12-03T15:50:55.986Z,226.2,0.293,0,554,0,38.31

2025-12-03T15:50:57.889Z,226.2,0.292,0,551,0,38.31

2025-12-03T15:50:59.938Z,226.2,0.294,0,556,0,38.31

2025-12-03T15:51:01.883Z,226.2,0.289,0,544,0,38.31

2025-12-03T15:51:04.136Z,226.2,0.291,0,548,0,38.31

2025-12-03T15:51:05.876Z,226.2,0.286,0,542,0,38.31

2025-12-03T15:51:08.821Z,226.2,0.29,0,547,0,38.31

2025-12-03T15:51:09.845Z,226.2,0.285,0,536,0,38.31

2025-12-03T15:51:11.995Z,226.2,0.292,0,551,0,38.31

2025-12-03T15:51:13.834Z,226.2,0.291,0,547,0,38.31

2025-12-03T15:51:15.990Z,226.2,0.294,0,555,0,38.31

2025-12-03T15:51:17.837Z,226.2,0.289,0,547,0,38.31

2025-12-03T15:51:19.906Z,226.3,0.286,0,539,0,38.31

2025-12-03T15:51:21.943Z,226.2,0.29,0,546,0,38.31

2025-12-03T15:51:24.150Z,226.1,0.333,0,632,0,38.31

2025-12-03T15:51:25.979Z,226,0.391,0,773,0,38.31

2025-12-03T15:51:27.892Z,226.2,0.288,0,544,0,38.31

2025-12-03T15:51:30.120Z,226.1,0.351,0,670,0,38.31

2025-12-04T08:45:04.253Z,224.5,0.368,41.4,3917,50,0.5

2025-12-04T08:45:06.263Z,224.5,0.356,39.3,3917,50,0.49

2025-12-04T08:45:08.358Z,224.5,0.381,42.6,3917,50,0.5

2025-12-04T08:45:10.297Z,224.5,0.418,47.3,3917,50,0.5

2025-12-04T08:45:12.254Z,224.6,0.31,33.8,3917,50,0.49

2025-12-04T08:45:14.291Z,224.6,0.315,34.5,3917,50,0.49

2025-12-04T08:45:16.346Z,224.5,0.31,34.1,3917,50,0.49

2025-12-04T08:45:18.285Z,224.5,0.357,40.2,3917,50,0.5

2025-12-04T08:45:20.337Z,224.5,0.319,34.9,3917,50,0.49

2025-12-04T08:45:22.383Z,224.5,0.318,34.7,3917,50,0.49

2025-12-04T08:45:24.326Z,224.6,0.322,34.8,3917,50,0.48

2025-12-04T08:45:26.374Z,224.7,0.37,40.5,3917,50,0.49

2025-12-04T08:45:28.319Z,224.6,0.399,45,3917,50,0.5

2025-12-04T08:45:30.367Z,224.6,0.41,45.5,3917,50,0.49

2025-12-04T08:45:32.370Z,224.6,0.427,49.2,3917,50,0.51

2025-12-04T08:45:34.339Z,224.6,0.336,36.8,3917,50,0.49

2025-12-04T08:45:36.308Z,224.6,0.314,33.8,3917,50,0.48

2025-12-04T08:45:38.357Z,224.6,0.352,38.5,3917,50,0.49

2025-12-04T08:45:40.299Z,224.6,0.312,33.9,3917,50,0.48

2025-12-04T08:45:42.265Z,224.7,0.315,34.4,3918,50,0.49

2025-12-04T08:45:44.296Z,224.7,0.309,33.5,3918,50,0.48

2025-12-04T08:45:46.268Z,224.7,0.313,34.2,3918,50,0.49

2025-12-04T08:45:48.288Z,224.6,0.309,33.9,3918,50,0.49

2025-12-04T08:45:50.336Z,224.5,0.316,34.6,3918,50,0.49

2025-12-04T08:45:52.335Z,224.8,0,0,3918,50,0

2025-12-04T08:46:04.493Z,224.9,0,0,3918,50,0

2025-12-04T08:46:04.589Z,224.9,0,0,3918,50,0

2025-12-04T08:46:04.589Z,224.8,0,0,3918,50,0

2025-12-04T08:46:04.590Z,224.6,0.032,2.1,3918,50,0.29

2025-12-04T08:46:04.590Z,224.7,0,0,3918,50,0

2025-12-04T08:46:04.590Z,224.8,0,0,3918,50,0

2025-12-04T08:46:06.277Z,224.8,0,0,3918,50,0

2025-12-04T08:46:08.283Z,224.7,0.05,5.1,3918,50,0.45

2025-12-04T08:46:10.281Z,224.7,0.103,11.8,3918,50,0.51

2025-12-04T08:46:12.353Z,224.8,0.24,30.9,3918,50,0.57

2025-12-04T08:46:14.296Z,224.7,0.231,29.4,3918,50,0.57

2025-12-04T08:46:16.346Z,224.7,0.235,29.6,3918,50,0.56

2025-12-04T08:46:18.289Z,224.7,0.235,29.8,3918,50,0.56

2025-12-04T08:46:20.290Z,224.8,0.226,28,3918,50,0.55

2025-12-04T08:46:22.286Z,224.8,0.222,27.2,3918,50,0.55

2025-12-04T08:46:24.286Z,224.7,0.222,27.2,3918,50,0.55

2025-12-04T08:46:26.293Z,224.5,0.221,27.3,3918,50,0.55

2025-12-04T08:46:28.290Z,224.6,0.222,27.2,3918,50,0.55

2025-12-04T08:46:30.290Z,224.7,0.218,26.9,3918,50,0.55

2025-12-04T08:46:32.289Z,224.7,0.219,27.1,3918,50,0.55

2025-12-04T08:46:34.291Z,224.7,0.222,27.3,3918,50,0.55

2025-12-04T08:46:36.296Z,224.7,0.221,27.3,3918,50,0.55

2025-12-04T08:46:38.292Z,224.7,0.193,23.2,3918,50,0.53

2025-12-04T08:46:40.293Z,224.7,0.194,23.4,3918,50,0.54

2025-12-04T08:46:42.357Z,224.7,0.196,23.4,3918,50,0.53

2025-12-04T08:46:44.402Z,224.6,0.195,23.5,3918,50,0.54

2025-12-04T08:46:46.348Z,224.5,0.195,23.4,3918,50,0.53

2025-12-04T08:46:48.395Z,224.5,0.197,23.5,3918,50,0.53

2025-12-04T08:46:50.340Z,224.6,0.196,23.5,3918,50,0.53

2025-12-04T08:46:52.389Z,224.5,0.196,23.4,3918,50,0.53

2025-12-04T08:46:54.313Z,224.5,0.196,23.5,3918,50,0.53

2025-12-04T08:46:56.312Z,224.5,0.196,23.5,3918,50,0.53

2025-12-04T08:46:58.328Z,224.5,0.194,23.4,3918,50,0.54

2025-12-04T08:47:00.376Z,224.4,0.194,23.5,3918,50,0.54

2025-12-04T08:47:02.322Z,224.6,0.195,23.5,3918,50,0.54

2025-12-04T08:47:04.370Z,224.7,0.193,23.3,3918,50,0.54

2025-12-04T08:47:06.418Z,224.8,0.194,23.4,3918,50,0.54

2025-12-04T08:47:08.365Z,224.7,0.195,23.5,3918,50,0.54

2025-12-04T08:47:10.413Z,224.6,0.196,23.5,3918,50,0.53

2025-12-04T08:47:12.362Z,224.5,0.194,23.4,3918,50,0.54

2025-12-04T08:47:14.316Z,224.5,0.196,23.5,3918,50,0.53

2025-12-04T08:47:16.356Z,224.6,0.169,19.7,3918,50,0.52

2025-12-04T08:47:18.317Z,224.5,0.169,19.7,3918,50,0.52

2025-12-04T08:47:24.527Z,224.6,0.168,19.6,3918,50,0.52

2025-12-04T08:47:24.679Z,224.6,0.167,19.5,3918,50,0.52

2025-12-04T08:47:24.679Z,224.7,0.169,19.6,3918,50,0.52

2025-12-04T08:47:26.316Z,224.9,0.166,19.6,3918,50,0.52

2025-12-04T08:47:28.320Z,224.8,0.166,19.6,3918,50,0.53

2025-12-04T08:47:30.322Z,224.4,0.142,17.2,3918,50,0.54

2025-12-04T08:47:32.380Z,224.4,0,0,3918,50,0

2025-12-04T08:47:34.374Z,224.4,0,0,3918,50,0

2025-12-04T08:47:36.424Z,224.4,0,0,3918,50,0

2025-12-04T08:47:38.344Z,224.4,0,0,3918,50,0

2025-12-04T08:47:40.417Z,224.4,0,0,3918,50,0

2025-12-04T08:47:42.360Z,224.6,0,0,3918,50,0

2025-12-04T08:47:44.410Z,224.7,0,0,3918,50,0

2025-12-04T08:47:46.355Z,224.7,0,0,3918,50,0

2025-12-04T08:47:48.403Z,224.7,0.082,8.2,3918,50,0.45

2025-12-04T08:47:54.170Z,224.6,0.246,41.2,3918,50,0.75

2025-12-04T08:47:54.171Z,224.4,0.359,67.6,3918,50,0.84

2025-12-04T08:47:54.333Z,224.1,0.541,109.1,3918,50,0.9

2025-12-04T08:47:56.335Z,224.3,0.536,107.9,3918,50,0.9

2025-12-04T08:47:58.339Z,224.2,0.538,108.4,3918,50,0.9

2025-12-04T08:48:00.338Z,224.2,0.533,107.5,3918,50,0.9

2025-12-04T08:48:02.336Z,224.6,0.325,66,3918,50,0.9

2025-12-04T08:48:04.335Z,224.8,0,0,3918,50,0

2025-12-04T08:48:06.338Z,224.9,0,0,3918,50,0

2025-12-04T08:48:08.371Z,224.9,0,0,3918,50,0

2025-12-04T08:48:10.418Z,224.9,0,0,3918,50,0

2025-12-04T08:48:12.367Z,224.9,0,0,3918,50,0

2025-12-04T08:48:14.417Z,224.8,0,0,3918,50,0

2025-12-04T08:48:16.343Z,224.8,0,0,3918,50,0

2025-12-04T08:48:18.348Z,224.8,0,0,3918,50,0

2025-12-04T08:48:20.453Z,224.9,0,0,3918,50,0

2025-12-04T08:48:22.402Z,224.9,0,0,3918,50,0

2025-12-04T08:48:24.358Z,224.9,0,0,3918,50,0

2025-12-04T08:48:26.393Z,224.9,0.057,3.1,3918,49.9,0.24

2025-12-04T08:48:28.442Z,224.8,0.048,4.7,3918,49.9,0.44

2025-12-04T08:48:30.388Z,224.7,0.116,13,3918,49.9,0.5

2025-12-04T08:48:32.490Z,224.8,0.236,29.7,3918,49.9,0.56

2025-12-04T08:48:34.383Z,224.8,0.228,28.6,3919,49.9,0.56

2025-12-04T08:48:36.428Z,224.8,0.219,27.1,3919,49.9,0.55

2025-12-04T08:48:38.376Z,224.8,0.222,27.2,3919,50,0.55

2025-12-04T08:48:40.423Z,224.8,0.218,26.8,3919,49.9,0.55

2025-12-04T08:48:42.370Z,224.8,0.193,23.4,3919,49.9,0.54

2025-12-04T08:48:44.417Z,224.8,0.195,23.4,3919,50,0.53

2025-12-04T08:48:46.466Z,224.8,0.195,23.4,3919,50,0.53

2025-12-04T08:48:48.410Z,224.8,0.196,23.5,3919,49.9,0.53

2025-12-04T08:48:50.458Z,224.8,0.195,23.4,3919,49.9,0.53

2025-12-04T08:48:52.404Z,224.7,0.195,23.4,3919,50,0.53

2025-12-04T08:48:54.361Z,224.7,0.194,23.4,3919,49.9,0.54

2025-12-04T08:48:56.398Z,224.7,0.197,23.4,3919,50,0.53

2025-12-04T08:48:58.446Z,224.6,0.193,23.4,3919,50,0.54

2025-12-04T08:49:00.391Z,224.8,0,0,3919,50,0

2025-12-04T08:49:02.444Z,224.8,0,0,3919,49.9,0

2025-12-04T08:49:04.388Z,225,0,0,3919,50,0

2025-12-04T08:49:06.472Z,224.8,0.194,30.5,3919,49.9,0.7

2025-12-04T08:49:08.482Z,224.5,0.297,55.3,3919,50,0.83

2025-12-04T08:49:10.427Z,224.5,0.393,75.3,3919,50,0.85

2025-12-04T08:49:12.473Z,224.3,0.539,108.8,3919,50,0.9

2025-12-04T08:49:14.427Z,224.3,0.535,108,3919,50,0.9

2025-12-04T08:49:16.468Z,224.3,0.533,107.5,3919,49.9,0.9

2025-12-04T08:49:18.414Z,224.4,0.53,107,3919,49.9,0.9

2025-12-04T08:49:20.463Z,224.5,0.436,85.9,3919,50,0.88

2025-12-04T08:49:22.407Z,224.5,0.433,85.2,3919,49.9,0.88

2025-12-04T08:49:24.454Z,224.5,0.438,86.7,3919,50,0.88

2025-12-04T08:49:26.401Z,224.6,0.436,85.9,3919,49.9,0.88

2025-12-04T08:49:28.453Z,224.5,0.427,83.9,3919,50,0.88

2025-12-04T08:49:30.397Z,224.4,0.411,80.5,3919,50,0.87

2025-12-04T08:49:32.490Z,224.5,0.392,76,3919,49.9,0.86

2025-12-04T08:49:34.393Z,224.4,0.389,75.3,3919,50,0.86

2025-12-04T08:49:36.442Z,224.4,0.386,74.8,3919,49.9,0.86

2025-12-04T08:49:38.483Z,224.3,0.386,74.5,3919,50,0.86

2025-12-04T08:49:40.433Z,224.3,0.385,74.3,3920,50,0.86

2025-12-04T08:49:42.478Z,224.6,0.382,73.8,3920,50,0.86

2025-12-04T08:49:44.423Z,224.6,0.381,73.5,3920,50,0.86

2025-12-04T08:49:46.473Z,224.6,0.379,73.1,3920,50,0.86

2025-12-04T08:49:48.392Z,224.6,0.377,72.8,3920,50,0.86

2025-12-04T08:49:50.399Z,224.8,0.377,72.8,3920,50,0.86

2025-12-04T08:49:52.413Z,224.7,0.374,72,3920,50,0.86

2025-12-04T08:49:54.392Z,224.7,0.375,72.2,3920,50,0.86

2025-12-04T08:49:56.508Z,224.8,0.373,71.8,3920,50,0.86

2025-12-04T08:49:58.454Z,224.8,0.371,71.5,3920,50,0.86

2025-12-04T08:50:00.500Z,224.8,0.371,71.4,3920,50,0.86

2025-12-04T08:50:02.447Z,224.8,0.369,71.2,3920,50,0.86

2025-12-04T08:50:04.494Z,224.8,0.368,70.7,3920,50,0.85

2025-12-04T08:50:06.442Z,224.9,0.366,70.3,3920,50,0.85

2025-12-04T08:50:08.488Z,224.8,0.366,70.3,3920,50,0.85

2025-12-04T08:50:10.435Z,224.8,0.366,70.2,3920,50,0.85

2025-12-04T08:50:12.483Z,224.9,0.366,70.2,3920,50,0.85

2025-12-04T08:50:14.434Z,224.9,0.364,69.9,3920,50,0.85

2025-12-04T08:50:16.476Z,224.9,0.364,69.8,3920,50,0.85

2025-12-04T08:50:18.422Z,225,0.363,69.7,3920,50,0.85

2025-12-04T08:50:20.471Z,225,0.362,69.5,3920,50,0.85

2025-12-04T08:50:22.517Z,225.1,0.361,69.3,3920,50,0.85

2025-12-04T08:50:24.463Z,225.1,0.359,68.9,3920,50,0.85

2025-12-04T08:50:36.607Z,225,0.36,69.2,3920,50,0.85

2025-12-04T08:50:36.778Z,225,0.364,69.8,3920,50,0.85

2025-12-04T08:50:36.779Z,225,0.365,70.2,3920,50,0.85

2025-12-04T08:50:36.779Z,225.1,0.365,70.2,3921,50,0.85

2025-12-04T08:50:36.779Z,225,0.359,68.9,3921,50,0.85

2025-12-04T08:50:36.779Z,225.1,0.362,69.5,3921,50,0.85

2025-12-04T08:50:38.421Z,225.1,0.357,68.4,3921,50,0.85

2025-12-04T08:50:40.425Z,225.1,0.357,68.5,3921,50,0.85

2025-12-04T08:50:42.487Z,225.1,0.356,68.3,3921,50,0.85

2025-12-04T08:50:44.535Z,225.1,0.355,68,3921,50,0.85

2025-12-04T08:50:46.480Z,225.1,0.354,67.9,3921,50,0.85

2025-12-04T08:50:48.528Z,225.2,0.354,67.8,3921,50,0.85

2025-12-04T08:50:50.474Z,225,0.353,67.6,3921,50,0.85

2025-12-04T08:50:52.548Z,225,0.352,67.3,3921,50,0.85

2025-12-04T08:50:54.423Z,225,0.353,67.5,3921,50,0.85

2025-12-04T08:50:56.515Z,225.1,0.351,67.3,3921,50,0.85

2025-12-04T08:51:04.123Z,225.1,0.36,68.9,3921,50,0.85

2025-12-04T08:51:04.212Z,225,0.356,68.2,3921,50,0.85

2025-12-04T08:51:04.212Z,225,0.354,67.6,3921,50,0.85

2025-12-04T08:51:04.434Z,225,0.355,68.1,3921,50,0.85

2025-12-04T08:51:06.430Z,225,0.353,67.5,3921,50,0.85

2025-12-04T08:51:08.437Z,225,0.351,67.2,3921,50,0.85

2025-12-04T08:51:10.429Z,225,0.351,67.1,3921,50,0.85

2025-12-04T08:51:12.436Z,225.1,0.35,66.9,3921,50,0.85

2025-12-04T08:51:14.448Z,225.1,0.349,66.9,3921,50,0.85

2025-12-04T08:51:16.484Z,225.1,0.347,66.4,3921,50,0.85

2025-12-04T08:51:18.530Z,225.1,0.346,66.3,3921,50,0.85

2025-12-04T08:51:20.476Z,225.1,0.346,66.2,3921,50,0.85

2025-12-04T08:51:22.526Z,225,0.348,66.5,3921,50,0.85

2025-12-04T08:51:24.471Z,225.1,0.346,66.1,3922,50,0.85

2025-12-04T08:51:26.444Z,225,0.347,66.2,3922,50,0.85

2025-12-04T08:51:28.449Z,225,0.348,66.3,3922,50,0.85

2025-12-04T08:51:30.491Z,224.9,0.355,67.9,3922,50,0.85

2025-12-04T08:51:32.563Z,225,0.359,68.9,3922,50,0.85

2025-12-04T08:51:34.444Z,225,0.346,66.1,3922,50,0.85

2025-12-04T08:51:36.554Z,224.9,0.379,73.2,3922,50,0.86

2025-12-04T08:51:38.448Z,224.9,0.372,71.8,3922,50,0.86

2025-12-04T08:51:40.453Z,224.9,0.343,65.6,3922,50,0.85

2025-12-04T08:51:42.492Z,224.9,0.342,65.3,3922,50,0.85

2025-12-04T08:51:44.542Z,224.9,0.342,65.1,3922,50,0.85

2025-12-04T08:51:46.487Z,224.8,0.344,65.2,3922,50,0.84

2025-12-04T08:51:48.534Z,224.8,0.344,65.8,3922,50,0.85

2025-12-04T08:51:50.479Z,224.9,0.342,65.1,3922,50,0.85

2025-12-04T08:51:52.529Z,225,0.341,64.9,3922,50,0.85

2025-12-04T08:51:54.454Z,225,0.339,64.8,3922,50,0.85

2025-12-04T08:51:56.462Z,225,0.339,64.4,3922,50,0.84

2025-12-04T08:52:06.782Z,224.9,0.344,65.6,3922,50,0.85

2025-12-04T08:52:06.782Z,225,0.34,64.8,3922,50,0.85

2025-12-04T08:52:06.782Z,225,0.34,65,3922,50,0.85

2025-12-04T08:52:06.782Z,225,0.343,65.4,3922,50,0.85

2025-12-04T08:52:06.782Z,225,0.342,65.2,3922,50,0.85

2025-12-04T08:52:08.466Z,224.9,0.339,64.6,3922,50,0.85

2025-12-04T08:52:10.468Z,225,0.341,64.9,3922,49.9,0.85

2025-12-04T08:52:12.467Z,224.9,0.339,64.6,3922,50,0.85

2025-12-04T08:52:14.464Z,225.1,0.335,63.9,3922,50,0.85

2025-12-04T08:52:16.496Z,224.9,0.334,63.6,3922,50,0.85

2025-12-04T08:52:18.537Z,224.7,0.333,63.6,3922,50,0.85

2025-12-04T08:52:20.597Z,224.8,0.332,63.4,3923,50,0.85

2025-12-04T08:52:22.530Z,224.8,0.333,63.4,3923,50,0.85

2025-12-04T08:52:24.475Z,224.9,0.332,63.4,3923,50,0.85

2025-12-04T08:52:26.525Z,224.9,0.331,63,3923,50,0.85

2025-12-04T08:52:28.580Z,224.9,0.333,63.2,3923,50,0.84

2025-12-04T08:52:30.518Z,224.9,0.335,63.7,3923,50,0.85

2025-12-04T08:52:32.573Z,224.9,0.33,62.6,3923,50,0.84

2025-12-04T08:52:34.489Z,224.9,0.332,63.1,3923,50,0.85

2025-12-04T08:52:36.562Z,224.9,0.332,62.9,3923,50,0.84

2025-12-04T08:52:38.505Z,224.9,0.331,62.9,3923,50,0.84

2025-12-04T08:52:40.556Z,224.9,0.331,63,3923,50,0.85

2025-12-04T08:52:42.500Z,224.9,0.331,62.9,3923,50,0.84

2025-12-04T08:52:44.564Z,224.9,0.328,62.4,3923,50,0.85

2025-12-04T08:52:46.504Z,224.9,0.329,62.6,3923,49.9,0.85

2025-12-04T08:52:48.543Z,224.8,0.34,64.8,3923,50,0.85

2025-12-04T08:52:50.594Z,224.8,0.332,63.2,3923,49.9,0.85

2025-12-04T08:52:52.535Z,224.8,0.331,62.9,3923,50,0.85

2025-12-04T08:52:54.584Z,224.9,0.331,63,3923,49.9,0.85

2025-12-04T08:52:56.537Z,224.8,0.33,62.7,3923,50,0.85

2025-12-04T08:52:58.579Z,224.8,0.331,62.9,3923,50,0.85

2025-12-04T08:53:00.523Z,224.8,0.335,63.7,3923,50,0.85

2025-12-04T08:53:02.570Z,224.9,0.329,62.4,3923,50,0.84

2025-12-04T08:53:04.517Z,224.8,0.329,62.5,3923,49.9,0.85

2025-12-04T08:53:06.494Z,224.8,0.329,62.4,3923,50,0.84

2025-12-04T08:53:08.509Z,224.8,0.327,62.1,3923,49.9,0.84

2025-12-04T08:53:10.493Z,224.9,0.328,62.2,3923,49.9,0.84

2025-12-04T08:53:12.607Z,224.9,0.329,62.5,3923,49.9,0.84

2025-12-04T08:53:14.494Z,224.9,0.328,62.2,3924,49.9,0.84

2025-12-04T08:53:16.601Z,224.9,0.326,61.9,3924,50,0.84

2025-12-04T08:53:18.544Z,224.9,0.341,65.2,3924,50,0.85

2025-12-04T08:53:20.598Z,224.9,0.323,61.7,3924,49.9,0.85

2025-12-04T08:53:22.540Z,225,0.244,44,3924,50,0.8

2025-12-04T08:53:24.590Z,225.1,0.244,44,3924,49.9,0.8

2025-12-04T08:53:26.535Z,225.1,0.244,44.1,3924,49.9,0.8

2025-12-04T08:53:28.582Z,225.2,0.244,44.1,3924,49.9,0.8

2025-12-04T08:53:30.526Z,225.2,0.249,45.2,3924,49.9,0.81

2025-12-04T08:53:32.576Z,225.2,0.243,43.9,3924,49.9,0.8

2025-12-04T08:53:34.623Z,225.2,0.245,44.2,3924,49.9,0.8

2025-12-04T08:53:36.568Z,225.1,0.245,44.2,3924,49.9,0.8

2025-12-04T08:53:38.618Z,225,0.245,44.2,3924,49.9,0.8

2025-12-04T08:53:40.518Z,225.1,0.244,44,3924,49.9,0.8

2025-12-04T08:53:42.517Z,225.1,0.246,44.4,3924,49.9,0.8

2025-12-04T08:53:44.556Z,225.1,0.245,44.3,3924,49.9,0.8

2025-12-04T08:53:46.611Z,225.1,0.244,44.1,3924,49.9,0.8

2025-12-04T08:53:48.555Z,225,0.242,43.7,3924,49.9,0.8

2025-12-04T08:53:50.598Z,225,0.245,44.3,3924,49.9,0.8

2025-12-04T08:53:52.562Z,225,0.242,43.7,3924,49.9,0.8

2025-12-04T08:53:54.592Z,225.1,0.239,42.9,3924,49.9,0.8

2025-12-04T08:53:56.537Z,225.1,0.24,43.1,3924,49.9,0.8

2025-12-04T08:53:58.587Z,225.2,0.239,42.9,3924,49.9,0.8

2025-12-04T08:54:00.635Z,225.2,0.246,44.4,3924,49.9,0.8

2025-12-04T08:54:02.586Z,225.1,0.241,43.3,3924,49.9,0.8

2025-12-04T08:54:04.635Z,225.2,0.239,42.8,3924,49.9,0.8

2025-12-04T08:54:06.573Z,225.2,0.241,43.2,3924,49.9,0.8

2025-12-04T08:54:08.625Z,225.2,0.237,42.2,3924,49.9,0.79

2025-12-04T08:54:10.570Z,225.2,0.237,42.5,3924,50,0.8

2025-12-04T08:54:12.614Z,225.3,0.237,42.6,3924,49.9,0.8

2025-12-04T08:54:14.546Z,225.3,0.238,42.6,3924,49.9,0.79

2025-12-04T08:54:16.612Z,225.4,0.238,42.6,3924,50,0.79

2025-12-04T08:54:18.552Z,225.4,0.236,42.5,3924,50,0.8

2025-12-04T08:54:20.611Z,225.4,0.24,43.2,3924,50,0.8

2025-12-04T08:54:22.534Z,225.4,0.234,42,3924,50,0.8

2025-12-04T08:54:24.597Z,225.4,0.236,42.2,3924,50,0.79

2025-12-04T08:54:26.543Z,225.4,0.235,42.2,3924,50,0.8

2025-12-04T08:54:28.590Z,225.4,0.236,42.4,3924,50,0.8

2025-12-04T08:54:30.637Z,225.4,0.241,43.4,3924,50,0.8

2025-12-04T08:54:32.636Z,225.4,0.263,48.3,3924,50,0.81

2025-12-04T08:54:34.635Z,225.4,0.245,44.3,3924,50,0.8

2025-12-05T12:02:43.593Z,224.9,0.276,35.1,4051,50,0.57

2025-12-05T12:02:45.498Z,224.9,0.332,41.6,4051,50,0.56

2025-12-05T12:02:47.675Z,224.8,0.396,50.7,4051,50,0.57

2025-12-05T12:02:49.521Z,225,0.29,37.1,4051,49.9,0.57

2025-12-05T12:02:51.775Z,225.1,0.283,36,4051,50,0.57

2025-12-05T12:02:53.514Z,224.9,0.323,41.1,4051,50,0.57

2025-12-05T12:02:55.563Z,224.7,0.392,49.4,4051,50,0.56

2025-12-05T12:02:57.510Z,224.7,0.386,48.1,4051,50,0.55

2025-12-05T12:02:59.560Z,224.6,0.41,51.9,4051,50,0.56

2025-12-05T12:03:01.916Z,224.5,0.326,40.4,4051,50,0.55

2025-12-05T12:03:03.513Z,224.7,0.292,36.6,4052,50,0.56

2025-12-05T12:03:05.705Z,224.9,0.304,38.2,4052,50,0.56

2025-12-05T12:03:07.588Z,224.5,0.318,39.8,4052,50,0.56

2025-12-05T12:03:09.599Z,224.5,0.352,43.3,4052,50,0.55

2025-12-05T12:03:11.547Z,224.5,0.275,34.5,4052,50,0.56

2025-12-05T12:03:13.697Z,224.8,0.291,36.3,4052,50,0.55

2025-12-05T12:03:15.541Z,224.9,0.276,34.4,4052,50,0.55

2025-12-05T12:03:19.227Z,225.1,0.279,34.9,4052,50,0.56

2025-12-05T12:03:19.637Z,225,0.272,34.2,4052,50,0.56

2025-12-05T12:03:21.585Z,225.1,0.308,39.5,4052,50,0.57

2025-12-05T12:03:23.550Z,225.2,0.273,33.9,4052,50,0.55

2025-12-05T12:03:25.583Z,225.3,0.272,33.8,4052,50,0.55

2025-12-05T12:03:27.594Z,225.2,0.283,34.7,4052,50,0.54

2025-12-05T12:03:29.576Z,225.1,0.292,36.2,4052,50,0.55

2025-12-05T12:03:31.541Z,225.2,0.278,34.7,4052,50,0.55

2025-12-05T12:03:33.674Z,225.2,0.271,33.6,4052,50,0.55

2025-12-05T12:03:35.544Z,225.1,0.269,33.2,4052,50,0.55

2025-12-05T12:03:37.669Z,224.6,0.277,34.2,4052,50,0.55

2025-12-05T12:03:39.549Z,225,0.263,32.6,4052,50,0.55

2025-12-05T12:03:41.664Z,225.1,0.256,31.8,4052,50,0.55

2025-12-05T12:03:43.613Z,225,0.253,31.5,4052,49.9,0.55

2025-12-05T12:03:45.557Z,225.1,0.25,31.1,4052,50,0.55

2025-12-05T12:03:47.606Z,225.1,0.26,32.2,4052,49.9,0.55

2025-12-05T12:03:49.757Z,225.1,0.253,31.4,4052,50,0.55

2025-12-05T12:03:51.601Z,225.2,0.252,31.4,4052,50,0.55

2025-12-05T12:03:53.652Z,225.2,0.247,30.7,4052,50,0.55

2025-12-05T12:03:55.597Z,224.8,0.254,31.5,4052,50,0.55

2025-12-05T12:03:57.568Z,225,0.261,32.8,4052,50,0.56

2025-12-05T12:03:59.615Z,225.2,0.254,32.1,4052,50,0.56

2025-12-05T12:04:01.641Z,224.9,0.254,31.8,4052,50,0.56

2025-12-05T12:04:03.647Z,224.8,0.252,31.5,4052,50,0.56

2025-12-05T12:04:05.636Z,225,0.253,31.4,4052,50,0.55

2025-12-05T12:04:07.575Z,224.7,0.259,31.5,4052,50,0.54

2025-12-05T12:04:09.579Z,224.8,0.255,32.2,4052,50,0.56

2025-12-05T12:04:11.588Z,225,0.252,31.2,4052,49.9,0.55

2025-12-05T12:04:13.581Z,225,0.256,31.9,4052,49.9,0.55

2025-12-05T12:04:15.778Z,225,0.251,31.3,4052,50,0.55

2025-12-05T12:04:17.930Z,224.9,0.262,32.6,4052,50,0.55

2025-12-05T12:04:19.671Z,224.9,0.252,31.2,4052,49.9,0.55

2025-12-05T12:04:21.619Z,224.6,0.25,31,4052,50,0.55

2025-12-05T12:04:25.306Z,224.8,0.257,31.7,4052,50,0.55

2025-12-05T12:04:25.921Z,224.7,0.247,30.6,4052,50,0.55

2025-12-05T12:04:27.764Z,224.7,0.26,31.6,4052,50,0.54

2025-12-05T12:04:29.608Z,225,0.343,41.9,4052,49.9,0.54

2025-12-05T12:04:31.597Z,224.9,0.306,38,4052,49.9,0.55

2025-12-05T12:04:33.606Z,225.1,0.27,33,4052,50,0.54

2025-12-05T12:04:35.755Z,225,0.269,32.9,4052,50,0.54

2025-12-05T12:04:37.907Z,224.9,0.268,32.7,4052,50,0.54

2025-12-05T12:04:39.750Z,224.6,0.267,32.8,4052,49.9,0.55

2025-12-05T12:04:41.666Z,224.6,0.274,33.7,4052,49.9,0.55

2025-12-05T12:04:43.643Z,224.8,0.267,33.1,4052,50,0.55

2025-12-05T12:04:45.796Z,224.8,0.267,32.9,4052,49.9,0.55

2025-12-05T12:04:47.843Z,224.7,0.277,34.2,4053,49.9,0.55

2025-12-05T12:04:49.893Z,224.9,0.265,32.6,4053,50,0.55

2025-12-05T12:04:51.634Z,224.9,0.276,33.7,4053,50,0.54

2025-12-05T12:04:53.681Z,225,0.284,34.5,4053,50,0.54

2025-12-05T12:04:55.629Z,224.8,0.342,42.3,4053,50,0.55

2025-12-05T12:04:57.778Z,224.8,0.315,39.2,4053,50,0.55

2025-12-05T12:04:59.727Z,224.8,0.338,41.5,4053,50,0.55

2025-12-05T12:05:01.671Z,224.6,0.364,44.9,4053,49.9,0.55

2025-12-05T12:05:03.902Z,224.5,0.393,49.3,4053,50,0.56

2025-12-05T12:05:05.710Z,224.8,0.348,42.8,4053,50,0.55

2025-12-05T12:05:07.624Z,224.9,0.301,36.9,4053,50,0.55

2025-12-05T12:05:09.546Z,224.9,0.335,41,4053,49.9,0.54

2025-12-05T12:05:11.515Z,225.1,0.308,37.6,4053,50,0.54

2025-12-05T12:05:13.505Z,225,0.346,42.3,4053,50,0.54

2025-12-05T12:05:15.645Z,225.1,0.278,34.1,4053,50,0.54

2025-12-05T12:05:17.580Z,225.1,0.272,33.1,4053,50,0.54

2025-12-05T12:05:19.520Z,224.9,0.35,43.4,4053,50,0.55

2025-12-05T12:05:23.048Z,225,0.311,38.4,4053,50,0.55

2025-12-05T12:05:23.503Z,225,0.344,41.5,4053,50,0.54

2025-12-05T12:05:25.448Z,225.1,0.301,36.8,4053,50,0.54

2025-12-05T12:05:27.592Z,225.1,0.318,39,4053,50,0.54

2025-12-05T12:05:29.739Z,225.1,0.369,44.6,4053,50,0.54

2025-12-05T12:05:31.477Z,225.1,0.367,45.2,4053,50,0.55

2025-12-05T12:05:33.525Z,224.8,0.349,42.9,4053,50,0.55

2025-12-05T12:05:35.474Z,224.9,0.28,34.2,4053,50,0.54

2025-12-05T12:05:37.754Z,225.1,0.277,33.8,4053,50,0.54

2025-12-05T12:05:41.081Z,225.1,0.291,35.2,4053,50,0.54

2025-12-05T12:05:41.530Z,225.1,0.278,33.9,4053,50,0.54

2025-12-05T12:05:43.561Z,224.9,0.28,34,4053,50,0.54

2025-12-05T12:05:45.626Z,225.2,0.278,33.8,4053,50,0.54

2025-12-05T12:05:47.787Z,225.1,0.27,32.8,4053,50,0.54

2025-12-05T12:05:49.742Z,224.9,0.324,39,4053,50,0.54

2025-12-05T12:05:51.599Z,224.8,0.399,49,4053,50,0.55

2025-12-05T12:05:53.604Z,224.8,0.385,47.1,4053,50,0.54

2025-12-05T12:05:55.697Z,224.7,0.413,50.7,4053,50,0.55

2025-12-05T12:05:57.647Z,224.7,0.388,48,4053,50,0.55

2025-12-05T12:05:59.802Z,224.5,0.33,40,4053,50,0.54

2025-12-05T12:06:01.646Z,224.8,0.374,45.3,4053,50,0.54

2025-12-05T12:06:03.626Z,224.7,0.424,52.3,4053,50,0.55

2025-12-05T12:06:05.629Z,224.8,0.438,54,4053,50,0.55

2025-12-05T12:06:07.694Z,224.6,0.419,52.1,4053,50,0.55

2025-12-05T12:06:09.818Z,224.8,0.385,46.8,4053,50,0.54

2025-12-05T12:06:11.586Z,224.9,0.316,37.3,4053,50,0.52

2025-12-05T12:06:13.670Z,224.7,0.362,43.5,4053,50,0.53

2025-12-05T12:06:15.658Z,224.7,0.323,39.2,4053,50,0.54

2025-12-05T12:06:17.636Z,224.9,0.371,45.6,4054,50,0.55

2025-12-05T12:06:19.574Z,224.8,0.346,41.5,4054,50,0.53

2025-12-05T12:06:21.614Z,224.7,0.325,38.7,4054,50,0.53

2025-12-05T12:06:23.528Z,224.7,0.338,40.2,4054,50,0.53

2025-12-05T12:06:25.702Z,225,0.296,35.7,4054,50,0.54

2025-12-05T12:06:27.746Z,224.9,0.337,40.6,4054,50,0.54

2025-12-05T12:06:29.893Z,225.1,0.261,31.1,4054,50,0.53

2025-12-05T12:06:31.637Z,224.8,0.261,30.7,4054,50,0.52

2025-12-05T12:06:33.575Z,225,0.259,30.4,4054,50,0.52

2025-12-05T12:06:35.619Z,225,0.273,32.1,4054,50,0.52

2025-12-05T12:06:37.565Z,225,0.297,35.9,4054,50,0.54

2025-12-05T12:06:39.714Z,224.7,0.268,31.6,4054,50,0.52

2025-12-05T12:06:41.565Z,224.8,0.263,31,4054,50,0.52

2025-12-05T12:06:45.568Z,225.1,0.26,30.7,4054,50,0.52

2025-12-05T12:06:45.713Z,225.1,0.257,30.1,4054,50,0.52

2025-12-05T12:06:47.680Z,224.9,0.305,36.2,4054,50,0.53

2025-12-05T12:06:49.626Z,224.7,0.303,35.8,4054,50,0.53

2025-12-05T12:06:51.785Z,224.9,0.299,34.8,4054,50,0.52

2025-12-05T12:06:53.841Z,224.7,0.335,39.6,4054,50,0.53

2025-12-05T12:06:55.794Z,224.9,0.332,39.4,4054,50,0.53

2025-12-05T12:06:57.643Z,224.9,0.328,38.7,4054,50,0.52

2025-12-05T12:06:59.639Z,224.9,0.352,41.5,4054,50,0.52

2025-12-05T12:07:01.643Z,225,0.346,40.9,4054,50,0.53

2025-12-05T12:07:03.795Z,225,0.306,35.6,4054,50,0.52

2025-12-05T12:07:05.947Z,224.9,0.318,37.2,4054,50,0.52

2025-12-05T12:07:07.794Z,224.9,0.365,43.1,4054,50,0.53

2025-12-05T12:07:11.379Z,225,0.32,37.4,4054,50,0.52

2025-12-05T12:07:11.996Z,224.8,0.345,41,4054,50,0.53

2025-12-05T12:07:13.661Z,224.9,0.318,38.3,4054,50,0.54

2025-12-05T12:07:15.691Z,224.8,0.337,39.3,4054,50,0.52

2025-12-05T12:07:17.836Z,224.7,0.299,34.8,4054,50,0.52

2025-12-05T12:07:19.884Z,225,0.292,33.6,4054,50,0.51

2025-12-05T12:07:21.669Z,224.8,0.346,40.3,4054,50,0.52

2025-12-05T12:07:23.675Z,224.9,0.333,38.3,4054,50,0.51

2025-12-05T12:07:25.777Z,224.8,0.408,51.1,4054,50,0.56

2025-12-05T12:07:27.696Z,224.9,0.265,30.2,4054,50,0.51

2025-12-05T12:07:29.722Z,224.9,0.3,34.9,4054,50,0.52

2025-12-05T12:07:31.770Z,224.9,0.373,44.2,4054,50,0.53

2025-12-05T12:07:33.697Z,224.9,0.328,39.3,4054,50,0.53

2025-12-05T12:07:35.868Z,224.9,0.288,34.3,4054,50,0.53

2025-12-05T12:07:37.711Z,225,0.259,29.7,4054,50,0.51

2025-12-05T12:07:39.689Z,225,0.27,31.5,4054,50,0.52

2025-12-05T12:07:41.708Z,224.9,0.262,30,4054,50,0.51

2025-12-05T12:07:43.757Z,225,0.267,30.8,4054,50,0.51

2025-12-05T12:07:45.807Z,224.9,0.251,29,4054,50,0.51

2025-12-05T12:07:47.753Z,224.8,0.337,40.3,4054,50,0.53

2025-12-05T12:07:51.314Z,225,0.258,29.8,4054,50,0.51

2025-12-05T12:07:51.717Z,224.9,0.356,42.2,4054,50,0.53

2025-12-05T12:07:53.942Z,225,0.353,41.7,4055,50,0.53

2025-12-05T12:07:55.665Z,225,0.322,38.4,4055,50,0.53

2025-12-05T12:07:57.698Z,225,0.327,38.2,4055,50,0.52

2025-12-05T12:07:59.733Z,225,0.358,42.3,4055,50,0.53

2025-12-05T12:08:01.681Z,225,0.321,37.1,4055,50,0.51

2025-12-05T12:08:03.669Z,225.1,0.317,37.4,4055,50,0.52

2025-12-05T12:08:05.581Z,224.9,0.335,39.5,4055,50,0.52

2025-12-05T12:08:07.693Z,225,0.345,40.6,4055,50,0.52

2025-12-05T12:08:09.640Z,224.8,0.336,40,4055,50,0.53

2025-12-05T12:08:11.782Z,224.8,0.317,36.9,4055,50,0.52

2025-12-05T12:08:13.622Z,224.9,0.368,43.8,4055,50,0.53

2025-12-05T12:08:15.670Z,225.1,0.316,37.6,4055,50,0.53

2025-12-05T12:08:17.715Z,225.1,0.259,30.5,4055,50,0.52

2025-12-05T12:08:19.775Z,225,0.324,37.9,4055,49.9,0.52

2025-12-05T12:08:21.567Z,225.1,0.33,39.1,4055,50,0.53

2025-12-05T12:08:23.649Z,225.1,0.259,30,4055,49.9,0.51

2025-12-05T12:08:25.591Z,225.2,0.26,30.5,4055,50,0.52

2025-12-05T12:08:27.571Z,225,0.288,33.7,4055,50,0.52

2025-12-05T12:08:29.683Z,224.8,0.309,36.4,4055,49.9,0.52

2025-12-05T12:08:31.829Z,225,0.281,32.4,4055,49.9,0.51

2025-12-05T12:08:33.568Z,225,0.355,41.5,4055,50,0.52

2025-12-05T12:08:35.615Z,225.2,0.362,43.1,4055,50,0.53

2025-12-05T12:08:37.660Z,225,0.28,32.3,4055,50,0.51

2025-12-05T12:08:39.809Z,224.9,0.374,44.7,4055,50,0.53

2025-12-05T12:08:41.563Z,225,0.329,38.8,4055,49.9,0.52

2025-12-05T12:08:43.699Z,224.9,0.315,36.8,4055,50,0.52

2025-12-05T12:08:45.641Z,224.9,0.34,40.7,4055,49.9,0.53

2025-12-05T12:08:47.552Z,224.9,0.357,42.3,4055,50,0.53

2025-12-05T12:08:49.632Z,224.7,0.343,40.5,4055,50,0.53

2025-12-05T12:08:51.579Z,224.7,0.306,35.6,4055,49.9,0.52

2025-12-05T12:08:53.624Z,225,0.265,30.8,4055,49.9,0.52

2025-12-05T12:08:55.567Z,225,0.291,34.2,4055,49.9,0.52

2025-12-05T12:08:57.580Z,224.7,0.485,60.3,4055,49.9,0.55

2025-12-05T12:08:59.551Z,224.7,0.548,69.7,4055,50,0.57

2025-12-05T12:09:01.552Z,224.8,0.371,45.8,4055,49.9,0.55

2025-12-05T12:09:03.552Z,224.8,0.419,51.3,4055,49.9,0.54

2025-12-05T12:09:05.598Z,224.7,0.3,35.1,4055,49.9,0.52

2025-12-05T12:09:07.648Z,224.8,0.274,31.5,4055,49.9,0.51

2025-12-05T12:09:09.588Z,224.5,0.367,45.1,4055,50,0.55

2025-12-05T12:09:11.550Z,224.6,0.341,40.8,4055,49.9,0.53

2025-12-05T12:09:13.681Z,224.8,0.375,44.4,4055,50,0.53

2025-12-05T12:09:15.551Z,224.7,0.406,50.3,4055,49.9,0.55

2025-12-05T12:09:17.582Z,224.8,0.292,34.5,4055,50,0.53

2025-12-05T12:09:19.552Z,224.8,0.264,30.3,4055,50,0.51

2025-12-05T12:09:21.666Z,224.7,0.313,36.2,4055,49.9,0.51

2025-12-05T12:09:25.663Z,224.8,0.32,37.6,4055,50,0.52

2025-12-05T12:09:25.862Z,224.6,0.331,38.8,4056,49.9,0.52

2025-12-05T12:09:27.602Z,224.9,0.351,41,4056,49.9,0.52

2025-12-05T12:09:29.549Z,225.1,0.338,39.8,4056,50,0.52

2025-12-05T12:09:31.591Z,225.2,0.358,42.4,4056,50,0.53

2025-12-05T12:09:33.547Z,225.1,0.319,37.6,4056,49.9,0.52

2025-12-05T12:09:35.579Z,225.1,0.389,46.1,4056,49.9,0.53

2025-12-05T12:09:37.681Z,225.1,0.408,50.9,4056,49.9,0.55

2025-12-05T12:09:39.780Z,225,0.306,35.3,4056,49.9,0.51

2025-12-05T12:09:41.622Z,224.7,0.31,35.7,4056,49.9,0.51

2025-12-05T12:09:43.765Z,225,0.288,33.5,4056,50,0.52

2025-12-05T12:09:45.708Z,225.1,0.269,31.1,4056,49.9,0.51

2025-12-05T12:09:47.653Z,225.1,0.274,31.7,4056,50,0.51

2025-12-05T12:09:49.633Z,225,0.269,30.7,4056,49.9,0.51

2025-12-05T12:09:51.644Z,224.9,0.378,45.1,4056,50,0.53

2025-12-05T12:09:53.572Z,225.1,0.328,38.7,4056,49.9,0.52

2025-12-05T12:09:55.632Z,224.9,0.363,42.8,4056,49.9,0.52

2025-12-05T12:09:57.681Z,225,0.328,39.2,4056,50,0.53

2025-12-05T12:09:59.539Z,224.9,0.275,31.4,4056,49.9,0.51

2025-12-05T12:10:01.568Z,225,0.275,31.8,4056,50,0.51

2025-12-05T12:10:04.596Z,225,0.272,31.1,4056,49.9,0.51

2025-12-05T12:10:05.660Z,224.9,0.284,33.1,4056,49.9,0.52

2025-12-05T12:10:07.638Z,224.9,0.306,36.4,4056,50,0.53

2025-12-05T12:10:09.567Z,224.9,0.275,31.6,4056,49.9,0.51

2025-12-05T12:10:11.602Z,224.9,0.276,31.4,4056,50,0.51

2025-12-05T12:10:13.641Z,225,0.353,41.5,4056,49.9,0.52

2025-12-05T12:10:15.688Z,224.9,0.352,41.5,4056,50,0.52

2025-12-05T12:10:17.736Z,225.1,0.338,39.4,4056,50,0.52

2025-12-05T12:10:19.578Z,225.1,0.279,32.7,4056,50,0.52

2025-12-05T12:10:21.534Z,225.2,0.337,39.5,4056,50,0.52

2025-12-05T12:10:23.621Z,225.1,0.33,38.6,4056,50,0.52

2025-12-05T12:10:25.717Z,225,0.381,45.5,4056,50,0.53

2025-12-05T12:10:27.560Z,225,0.38,45.3,4056,50,0.53

2025-12-05T12:10:29.609Z,225,0.377,45.8,4056,50,0.54

2025-12-05T12:10:31.551Z,225.1,0.355,41.4,4056,50,0.52

2025-12-05T12:10:33.699Z,225,0.401,48.7,4056,50,0.54

2025-12-05T12:10:35.645Z,225,0.367,43.2,4056,50,0.52

2025-12-05T12:10:37.590Z,225.1,0.308,36.2,4056,50,0.52

2025-12-05T12:10:39.693Z,225.1,0.286,33,4056,50,0.51

2025-12-05T12:10:41.581Z,225,0.282,31.7,4056,50,0.5

2025-12-05T12:10:43.729Z,224.8,0.386,45.4,4056,50,0.52

2025-12-05T12:10:45.572Z,225,0.291,32.7,4056,50,0.5

2025-12-05T12:10:47.598Z,224.9,0.329,37.5,4056,50,0.51

2025-12-05T12:10:49.565Z,225,0.369,44.1,4056,50,0.53

2025-12-05T12:10:51.713Z,225.2,0.32,37.6,4056,50,0.52

2025-12-05T12:10:53.658Z,225.2,0.264,30.5,4056,50,0.51

2025-12-05T12:10:55.705Z,225,0.275,31.8,4056,50,0.51

2025-12-05T12:10:57.800Z,225,0.286,33.2,4057,50,0.52

2025-12-05T12:10:59.533Z,225,0.292,34,4057,50,0.52

2025-12-05T12:11:01.641Z,225,0.279,32.2,4057,50,0.51

2025-12-05T12:11:03.585Z,225,0.291,33.8,4057,50,0.52

2025-12-05T12:11:05.541Z,225.1,0.275,32.1,4057,50,0.52

2025-12-05T12:11:07.637Z,224.9,0.281,32.2,4057,50,0.51

2025-12-05T12:11:09.728Z,224.9,0.304,35.7,4057,50,0.52

2025-12-05T12:11:11.568Z,224.8,0.269,31.1,4057,50,0.51

2025-12-05T12:11:13.615Z,224.9,0.26,30.1,4057,50,0.51

2025-12-05T12:11:15.560Z,225,0.262,30.3,4057,49.9,0.51

2025-12-05T12:11:17.599Z,225.1,0.293,34.4,4057,50,0.52

2025-12-05T12:11:19.551Z,225.1,0.268,31.2,4057,50,0.52

2025-12-05T12:11:21.599Z,225,0.261,30.4,4057,50,0.52

2025-12-05T12:11:23.543Z,225.2,0.251,29.2,4057,50,0.52

2025-12-05T12:11:25.532Z,225.1,0.247,28.4,4057,50,0.51

2025-12-05T12:11:27.841Z,225,0.264,30.5,4057,50,0.51

2025-12-05T12:11:29.582Z,225.1,0.261,30.4,4057,50,0.52

2025-12-05T12:11:31.730Z,225,0.256,29.8,4057,50,0.52

2025-12-05T12:11:33.572Z,225,0.352,41.2,4057,50,0.52

2025-12-05T12:11:35.532Z,224.9,0.358,41.9,4057,50,0.52

2025-12-05T12:11:37.570Z,225,0.34,39.2,4057,50,0.51

2025-12-05T12:11:39.544Z,224.9,0.329,37.5,4057,50,0.51

2025-12-05T12:11:41.576Z,225.1,0.318,37.2,4057,50,0.52

2025-12-05T12:11:43.554Z,224.9,0.322,36.1,4057,50,0.5

2025-12-05T12:11:45.682Z,225,0.351,41.5,4057,50,0.53

2025-12-05T12:11:47.626Z,224.7,0.318,35.5,4057,50,0.5

2025-12-05T12:11:49.677Z,224.6,0.366,42.1,4057,50,0.51

2025-12-05T12:11:51.731Z,224.7,0.346,39.6,4057,50,0.51

2025-12-05T12:11:53.781Z,224.9,0.284,31.5,4057,50,0.49

2025-12-05T12:11:55.628Z,224.9,0.375,44.1,4057,50,0.52

2025-12-05T12:11:57.780Z,225.2,0.272,31.2,4057,50,0.51

2025-12-05T12:12:05.177Z,225.2,0.305,35.8,4057,50,0.52

2025-12-05T12:12:05.203Z,225,0.269,29.7,4057,50,0.49

2025-12-05T12:12:05.204Z,225,0.28,31.7,4057,50,0.5

2025-12-05T12:12:05.601Z,224.9,0.342,39.9,4057,50,0.52

2025-12-05T12:12:08.642Z,225,0.369,43.9,4057,50,0.53

2025-12-05T12:12:10.650Z,224.9,0.389,47.3,4057,50,0.54

2025-12-05T12:12:12.653Z,224.9,0.352,41.5,4057,50,0.52

2025-12-05T12:12:14.694Z,224.9,0.324,38.2,4057,50,0.52

2025-12-05T12:12:15.616Z,224.9,0.366,44.5,4057,50,0.54

2025-12-05T12:12:17.666Z,224.8,0.299,34.1,4057,50,0.51

2025-12-05T12:12:21.666Z,225.1,0.274,31.4,4057,50,0.51

2025-12-05T12:12:21.673Z,225.1,0.34,40.7,4057,50,0.53

2025-12-05T12:12:23.753Z,225.2,0.34,39.7,4057,50,0.52

2025-12-05T12:12:25.656Z,225,0.331,38.2,4057,50,0.51

2025-12-05T12:12:28.013Z,225,0.343,41.1,4057,50,0.53

2025-12-05T12:12:29.651Z,224.9,0.311,35.8,4057,50,0.51

2025-12-05T12:12:31.700Z,224.9,0.373,44,4057,50,0.52

2025-12-05T12:12:35.685Z,225,0.284,33.1,4057,50,0.52

2025-12-05T12:12:35.695Z,224.9,0.337,38.6,4057,50,0.51

2025-12-05T12:12:37.641Z,225.1,0.336,39.8,4057,50,0.53

2025-12-05T12:12:39.792Z,225.1,0.368,43.2,4058,50,0.52

2025-12-05T12:12:41.739Z,224.9,0.387,46.1,4058,50,0.53

2025-12-05T12:12:45.190Z,225.1,0.264,28.5,4058,50,0.48

2025-12-05T12:12:45.733Z,225,0.257,27.3,4058,50,0.47

2025-12-05T12:12:49.697Z,225.2,0.26,27.7,4058,50,0.47

2025-12-05T12:12:49.707Z,225,0.259,27.4,4058,50,0.47

2025-12-05T12:12:51.775Z,224.9,0.327,36.8,4058,50,0.5

2025-12-05T12:28:49.947Z,225.4,0.037,3.3,4064,50,0.4

2025-12-05T12:28:51.711Z,225.7,0.037,3.4,4064,50,0.41

2025-12-05T12:28:53.710Z,225.7,0.038,3.4,4064,50,0.4

2025-12-05T12:28:55.785Z,225.4,0.037,3.3,4064,50,0.4

2025-12-05T12:28:57.726Z,225.1,0.037,3.3,4064,50,0.4

2025-12-05T12:29:01.308Z,225.3,0.036,3.3,4064,50,0.41

2025-12-05T12:29:01.711Z,225.5,0.037,3.3,4064,50,0.4

