223.4,0.396,35.4,11851,50,0.4,LaptopFaiq
223.4,0.396,35.4,11851,50,0.4,LaptopFaiq
223.4,0.396,35.4,11851,50,0.4,LaptopFaiq
223.4,0.396,35.4,11851,50,0.4,LaptopFaiq
223.4,0.396,35.4,11851,50,0.4,LaptopFaiq
223.4,0.396,35.4,11851,50,0.4,LaptopFaiq
223.4,0.396,35.4,11851,50,0.4,LaptopFaiq
223.4,0.396,35.4,11851,50,0.4,LaptopFaiq
223.4,0.396,35.4,11851,50,0.4,LaptopFaiq
223.4,0.396,35.4,11851,50,0.4,LaptopFaiq
223.4,0.396,35.4,11851,50,0.4,LaptopFaiq
223.4,0.396,35.4,11851,50,0.4,LaptopFaiq
223.4,0.304,35.9,11851,50,0.53,LaptopFaiq
223.4,0.304,35.9,11851,50,0.53,LaptopFaiq
223.4,0.304,35.9,11851,50,0.53,LaptopFaiq
223.4,0.304,35.9,11851,50,0.53,LaptopFaiq
223.4,0.304,35.9,11851,50,0.53,LaptopFaiq
223.4,0.304,35.9,11851,49.9,0.53,LaptopFaiq
223.4,0.304,35.9,11851,49.9,0.53,LaptopFaiq
223.4,0.304,35.9,11851,49.9,0.53,LaptopFaiq
223.4,0.304,35.9,11851,50,0.53,LaptopFaiq
223.4,0.304,35.9,11851,50,0.53,LaptopFaiq
223.3,0.459,56.6,11851,50,0.55,LaptopFaiq
223.3,0.459,56.6,11851,50,0.55,LaptopFaiq
223.3,0.459,56.6,11851,50,0.55,LaptopFaiq
223.3,0.459,56.6,11851,50,0.55,LaptopFaiq
223.3,0.459,56.6,11851,50,0.55,LaptopFaiq
223.3,0.459,56.6,11851,50,0.55,LaptopFaiq
223.3,0.459,56.6,11851,50,0.55,LaptopFaiq
223.3,0.459,56.6,11851,50,0.55,LaptopFaiq
223.3,0.459,56.6,11851,50,0.55,LaptopFaiq
223.2,0.581,74.8,11851,50,0.58,LaptopFaiq
223.2,0.581,74.8,11851,50,0.58,LaptopFaiq
223.2,0.581,74.8,11851,50,0.58,LaptopFaiq
223.2,0.581,74.8,11851,50,0.58,LaptopFaiq
223.2,0.581,74.8,11851,49.9,0.58,LaptopFaiq
223.2,0.581,74.8,11851,49.9,0.58,LaptopFaiq
223.2,0.581,74.8,11851,49.9,0.58,LaptopFaiq
223.2,0.581,74.8,11851,50,0.58,LaptopFaiq
223.2,0.581,74.8,11851,50,0.58,LaptopFaiq
223.2,0.581,74.8,11851,50,0.58,LaptopFaiq
223.2,0.613,79.4,11851,50,0.58,LaptopFaiq
223.2,0.613,79.4,11851,50,0.58,LaptopFaiq
223.2,0.613,79.4,11851,50,0.58,LaptopFaiq
223.2,0.613,79.4,11851,50,0.58,LaptopFaiq
223.2,0.613,79.4,11851,50,0.58,LaptopFaiq
223.2,0.613,79.4,11851,50,0.58,LaptopFaiq
223.2,0.613,79.4,11851,50,0.58,LaptopFaiq
223.2,0.613,79.4,11851,50,0.58,LaptopFaiq
223.2,0.613,79.4,11851,50,0.58,LaptopFaiq
223.2,0.613,79.4,11851,50,0.58,LaptopFaiq
223.2,0.593,76.6,11851,50,0.58,LaptopFaiq
223.2,0.593,76.6,11851,50,0.58,LaptopFaiq
223.2,0.593,76.6,11851,50,0.58,LaptopFaiq
223.2,0.593,76.6,11851,50,0.58,LaptopFaiq
223.2,0.593,76.6,11851,50,0.58,LaptopFaiq
223.2,0.593,76.6,11851,49.9,0.58,LaptopFaiq
223.2,0.593,76.6,11851,49.9,0.58,LaptopFaiq
223.2,0.593,76.6,11851,49.9,0.58,LaptopFaiq
223.2,0.593,76.6,11851,49.9,0.58,LaptopFaiq
223.2,0.593,76.6,11851,50,0.58,LaptopFaiq
223.2,0.593,76.6,11851,50,0.58,LaptopFaiq
223.2,0.593,76.6,11851,50,0.58,LaptopFaiq
223.2,0.588,75.3,11851,50,0.57,LaptopFaiq
223.2,0.588,75.3,11851,50,0.57,LaptopFaiq
223.2,0.588,75.3,11851,50,0.57,LaptopFaiq
223.2,0.588,75.3,11851,50,0.57,LaptopFaiq
223.2,0.588,75.3,11851,50,0.57,LaptopFaiq
223.2,0.588,75.3,11851,50,0.57,LaptopFaiq
223.2,0.588,75.3,11851,50,0.57,LaptopFaiq
223.2,0.588,75.3,11851,50,0.57,LaptopFaiq
223.2,0.588,75.3,11851,50,0.57,LaptopFaiq
223.2,0.588,75.3,11851,50,0.57,LaptopFaiq
223.2,0.578,74.1,11851,50,0.57,LaptopFaiq
223.2,0.578,74.1,11851,50,0.57,LaptopFaiq
223.2,0.578,74.1,11851,50,0.57,LaptopFaiq
223.2,0.578,74.1,11851,50,0.57,LaptopFaiq
223.2,0.578,74.1,11851,50,0.57,LaptopFaiq
223.2,0.578,74.1,11851,50,0.57,LaptopFaiq
223.2,0.578,74.1,11851,50,0.57,LaptopFaiq
223.2,0.578,74.1,11851,50,0.57,LaptopFaiq
223.2,0.578,74.1,11851,50,0.57,LaptopFaiq
223.2,0.578,74.1,11851,50,0.57,LaptopFaiq
223.2,0.587,75.1,11851,50,0.57,LaptopFaiq
223.2,0.587,75.1,11851,50,0.57,LaptopFaiq
223.2,0.587,75.1,11851,50,0.57,LaptopFaiq
223.2,0.587,75.1,11851,50,0.57,LaptopFaiq
223.2,0.587,75.1,11851,50,0.57,LaptopFaiq
223.2,0.587,75.1,11851,50,0.57,LaptopFaiq
223.2,0.587,75.1,11851,50,0.57,LaptopFaiq
223.2,0.587,75.1,11851,50,0.57,LaptopFaiq
223.2,0.587,75.1,11851,50,0.57,LaptopFaiq
223.2,0.587,75.1,11851,50,0.57,LaptopFaiq
223.2,0.61,78.2,11851,50,0.57,LaptopFaiq
223.2,0.61,78.2,11851,50,0.57,LaptopFaiq
223.2,0.61,78.2,11851,50,0.57,LaptopFaiq
223.2,0.61,78.2,11851,50,0.57,LaptopFaiq
223.2,0.61,78.2,11851,50,0.57,LaptopFaiq
223.2,0.61,78.2,11851,50,0.57,LaptopFaiq
223.2,0.61,78.2,11851,50,0.57,LaptopFaiq
223.2,0.61,78.2,11851,50,0.57,LaptopFaiq
223.2,0.61,78.2,11851,50,0.57,LaptopFaiq
223.2,0.61,78.2,11851,50,0.57,LaptopFaiq
223.2,0.61,78.2,11851,50,0.57,LaptopFaiq
223.2,0.615,78.8,11851,50,0.57,LaptopFaiq
223.2,0.615,78.8,11851,50,0.57,LaptopFaiq
223.2,0.615,78.8,11851,50,0.57,LaptopFaiq
223.2,0.615,78.8,11851,50,0.57,LaptopFaiq
223.2,0.615,78.8,11851,50,0.57,LaptopFaiq
223.2,0.615,78.8,11851,50,0.57,LaptopFaiq
223.2,0.615,78.8,11851,50,0.57,LaptopFaiq
223.2,0.615,78.8,11851,50,0.57,LaptopFaiq
223.2,0.615,78.8,11851,50,0.57,LaptopFaiq
223.2,0.615,78.8,11851,50,0.57,LaptopFaiq
223.2,0.587,75.3,11851,50,0.57,LaptopFaiq
223.2,0.587,75.3,11851,50,0.57,LaptopFaiq
223.2,0.587,75.3,11851,50,0.57,LaptopFaiq
223.2,0.587,75.3,11851,50,0.57,LaptopFaiq
223.2,0.587,75.3,11851,50,0.57,LaptopFaiq
223.2,0.587,75.3,11851,50,0.57,LaptopFaiq
223.2,0.587,75.3,11851,50,0.57,LaptopFaiq
223.2,0.587,75.3,11851,50,0.57,LaptopFaiq
223.2,0.587,75.3,11851,50,0.57,LaptopFaiq
223.2,0.587,75.3,11851,50,0.57,LaptopFaiq
223,0.595,76.1,11851,50,0.57,LaptopFaiq
223,0.595,76.1,11851,50,0.57,LaptopFaiq
223,0.595,76.1,11851,50,0.57,LaptopFaiq
223,0.595,76.1,11851,50,0.57,LaptopFaiq
223,0.595,76.1,11851,50,0.57,LaptopFaiq
223,0.595,76.1,11851,50,0.57,LaptopFaiq
223,0.595,76.1,11851,50,0.57,LaptopFaiq
223,0.595,76.1,11851,50,0.57,LaptopFaiq
223,0.595,76.1,11851,50,0.57,LaptopFaiq
223,0.595,76.1,11851,50,0.57,LaptopFaiq
223.1,0.606,77.3,11851,50,0.57,LaptopFaiq
223.1,0.606,77.3,11851,50,0.57,LaptopFaiq
223.1,0.606,77.3,11851,50,0.57,LaptopFaiq
223.1,0.606,77.3,11851,50,0.57,LaptopFaiq
223.1,0.606,77.3,11851,50,0.57,LaptopFaiq
223.1,0.606,77.3,11851,50,0.57,LaptopFaiq
223.1,0.606,77.3,11851,50,0.57,LaptopFaiq
223.1,0.606,77.3,11851,50,0.57,LaptopFaiq
223.1,0.606,77.3,11851,50,0.57,LaptopFaiq
223.1,0.606,77.3,11851,50,0.57,LaptopFaiq
223.1,0.606,77.3,11851,50,0.57,LaptopFaiq
223.1,0.606,77.3,11851,50,0.57,LaptopFaiq
223.2,0.593,75.8,11851,50,0.57,LaptopFaiq
223.2,0.593,75.8,11851,50,0.57,LaptopFaiq
223.2,0.593,75.8,11851,50,0.57,LaptopFaiq
223.2,0.593,75.8,11851,50,0.57,LaptopFaiq
223.2,0.593,75.8,11851,50,0.57,LaptopFaiq
223.2,0.593,75.8,11851,50,0.57,LaptopFaiq
223.2,0.593,75.8,11851,50,0.57,LaptopFaiq
223.2,0.593,75.8,11851,50,0.57,LaptopFaiq
223.2,0.593,75.8,11851,50,0.57,LaptopFaiq
223.2,0.593,75.8,11851,50,0.57,LaptopFaiq
223.3,0.594,75.8,11851,50,0.57,LaptopFaiq
223.3,0.594,75.8,11851,50,0.57,LaptopFaiq
223.3,0.594,75.8,11851,50,0.57,LaptopFaiq
223.3,0.594,75.8,11851,50,0.57,LaptopFaiq
223.3,0.594,75.8,11851,50,0.57,LaptopFaiq
223.3,0.594,75.8,11851,50,0.57,LaptopFaiq
223.3,0.594,75.8,11851,50,0.57,LaptopFaiq
223.3,0.594,75.8,11851,50,0.57,LaptopFaiq
223.3,0.594,75.8,11851,50,0.57,LaptopFaiq
223.3,0.594,75.8,11851,50,0.57,LaptopFaiq
223.3,0.598,76.4,11851,50,0.57,LaptopFaiq
223.3,0.598,76.4,11851,50,0.57,LaptopFaiq
223.3,0.598,76.4,11851,50,0.57,LaptopFaiq
223.3,0.598,76.4,11851,50,0.57,LaptopFaiq
223.3,0.598,76.4,11851,50,0.57,LaptopFaiq
223.3,0.598,76.4,11851,50,0.57,LaptopFaiq
223.3,0.598,76.4,11851,50,0.57,LaptopFaiq
223.3,0.598,76.4,11851,50,0.57,LaptopFaiq
223.3,0.598,76.4,11851,50,0.57,LaptopFaiq
223.3,0.598,76.4,11851,50,0.57,LaptopFaiq
223.3,0.574,73.4,11851,50,0.57,LaptopFaiq
223.3,0.574,73.4,11851,50,0.57,LaptopFaiq
223.3,0.574,73.4,11851,50,0.57,LaptopFaiq
223.3,0.574,73.4,11851,50,0.57,LaptopFaiq
223.3,0.574,73.4,11851,50,0.57,LaptopFaiq
223.3,0.574,73.4,11851,50,0.57,LaptopFaiq
223.3,0.574,73.4,11851,50,0.57,LaptopFaiq
223.3,0.574,73.4,11851,50,0.57,LaptopFaiq
223.3,0.574,73.4,11851,50,0.57,LaptopFaiq
223.3,0.574,73.4,11851,50,0.57,LaptopFaiq
223.3,0.574,73.4,11851,50,0.57,LaptopFaiq
223.3,0.574,73.4,11851,50,0.57,LaptopFaiq
223.2,0.59,75,11851,50,0.57,LaptopFaiq
223.2,0.59,75,11851,50,0.57,LaptopFaiq
223.2,0.59,75,11851,50,0.57,LaptopFaiq
223.2,0.59,75,11851,50,0.57,LaptopFaiq
223.2,0.59,75,11851,50,0.57,LaptopFaiq
223.2,0.59,75,11851,50,0.57,LaptopFaiq
223.2,0.59,75,11851,50,0.57,LaptopFaiq
223.2,0.59,75,11851,50,0.57,LaptopFaiq
223.2,0.59,75,11851,50,0.57,LaptopFaiq
223.2,0.59,75,11851,50,0.57,LaptopFaiq
223.1,0.596,75.7,11851,50,0.57,LaptopFaiq
223.1,0.596,75.7,11851,50,0.57,LaptopFaiq
223.1,0.596,75.7,11851,50,0.57,LaptopFaiq
223.1,0.596,75.7,11851,50,0.57,LaptopFaiq
223.1,0.596,75.7,11851,50,0.57,LaptopFaiq
223.1,0.596,75.7,11851,50,0.57,LaptopFaiq
223.1,0.596,75.7,11851,50,0.57,LaptopFaiq
223.1,0.596,75.7,11851,50,0.57,LaptopFaiq
223.1,0.596,75.7,11851,50,0.57,LaptopFaiq
223.1,0.596,75.7,11851,50,0.57,LaptopFaiq
223.2,0.589,75.5,11851,50,0.57,LaptopFaiq
223.2,0.589,75.5,11851,50,0.57,LaptopFaiq
223.2,0.589,75.5,11851,50,0.57,LaptopFaiq
223.2,0.589,75.5,11851,50,0.57,LaptopFaiq
223.2,0.589,75.5,11851,50,0.57,LaptopFaiq
223.2,0.589,75.5,11851,50,0.57,LaptopFaiq
223.2,0.589,75.5,11851,50,0.57,LaptopFaiq
223.2,0.589,75.5,11851,50,0.57,LaptopFaiq
223.2,0.589,75.5,11851,50,0.57,LaptopFaiq
223.2,0.589,75.5,11851,50,0.57,LaptopFaiq
223.1,0.592,75.1,11851,50,0.57,LaptopFaiq
223.1,0.592,75.1,11851,50,0.57,LaptopFaiq
223.1,0.592,75.1,11851,50,0.57,LaptopFaiq
223.1,0.592,75.1,11851,50,0.57,LaptopFaiq
223.1,0.592,75.1,11851,50,0.57,LaptopFaiq
223.1,0.592,75.1,11851,50,0.57,LaptopFaiq
223.1,0.592,75.1,11851,50,0.57,LaptopFaiq
223.1,0.592,75.1,11851,50,0.57,LaptopFaiq
223.1,0.592,75.1,11851,50,0.57,LaptopFaiq
223.1,0.592,75.1,11851,50,0.57,LaptopFaiq
223,0.597,76.6,11851,50,0.58,LaptopFaiq
223,0.597,76.6,11851,50,0.58,LaptopFaiq
223,0.597,76.6,11851,50,0.58,LaptopFaiq
223,0.597,76.6,11851,50,0.58,LaptopFaiq
223,0.597,76.6,11851,50,0.58,LaptopFaiq
223,0.597,76.6,11851,50,0.58,LaptopFaiq
223,0.597,76.6,11851,50,0.58,LaptopFaiq
223,0.597,76.6,11851,50,0.58,LaptopFaiq
223,0.597,76.6,11851,50,0.58,LaptopFaiq
223,0.597,76.6,11851,50,0.58,LaptopFaiq
223,0.597,76.6,11851,50,0.58,LaptopFaiq
223.2,0.626,80.4,11851,50,0.58,LaptopFaiq
223.2,0.626,80.4,11851,50,0.58,LaptopFaiq
223.2,0.626,80.4,11851,50,0.58,LaptopFaiq
223.2,0.626,80.4,11851,50,0.58,LaptopFaiq
223.2,0.626,80.4,11851,50,0.58,LaptopFaiq
223.2,0.626,80.4,11851,50,0.58,LaptopFaiq
223.2,0.626,80.4,11851,50,0.58,LaptopFaiq
223.2,0.626,80.4,11851,50,0.58,LaptopFaiq
223.2,0.626,80.4,11851,50,0.58,LaptopFaiq
223.2,0.626,80.4,11851,50,0.58,LaptopFaiq
222.9,0.594,75.6,11851,50,0.57,LaptopFaiq
222.9,0.594,75.6,11851,50,0.57,LaptopFaiq
222.9,0.594,75.6,11851,50,0.57,LaptopFaiq
222.9,0.594,75.6,11851,50,0.57,LaptopFaiq
222.9,0.594,75.6,11851,50,0.57,LaptopFaiq
222.9,0.594,75.6,11851,50,0.57,LaptopFaiq
222.9,0.594,75.6,11851,50,0.57,LaptopFaiq
222.9,0.594,75.6,11851,50,0.57,LaptopFaiq
222.9,0.594,75.6,11851,50,0.57,LaptopFaiq
222.9,0.594,75.6,11851,50,0.57,LaptopFaiq
223.2,0.589,75,11851,50,0.57,LaptopFaiq
223.2,0.589,75,11851,50,0.57,LaptopFaiq
223.2,0.589,75,11851,50,0.57,LaptopFaiq
223.2,0.589,75,11851,50,0.57,LaptopFaiq
223.2,0.589,75,11851,50,0.57,LaptopFaiq
223.2,0.589,75,11851,50,0.57,LaptopFaiq
223.2,0.589,75,11851,50,0.57,LaptopFaiq
223.2,0.589,75,11851,50,0.57,LaptopFaiq
223.2,0.589,75,11851,50,0.57,LaptopFaiq
223.2,0.589,75,11851,50,0.57,LaptopFaiq
223.1,0.598,76.4,11851,50,0.57,LaptopFaiq
223.1,0.598,76.4,11851,50,0.57,LaptopFaiq
223.1,0.598,76.4,11851,50,0.57,LaptopFaiq
223.1,0.598,76.4,11851,50,0.57,LaptopFaiq
223.1,0.598,76.4,11851,50,0.57,LaptopFaiq
223.1,0.598,76.4,11851,50,0.57,LaptopFaiq
223.1,0.598,76.4,11851,50,0.57,LaptopFaiq
223.1,0.598,76.4,11851,50,0.57,LaptopFaiq
223.1,0.598,76.4,11851,50,0.57,LaptopFaiq
223.1,0.598,76.4,11851,50,0.57,LaptopFaiq
223.1,0.598,76.4,11851,50,0.57,LaptopFaiq
223,0.61,77.8,11851,50,0.57,LaptopFaiq
223,0.61,77.8,11851,50,0.57,LaptopFaiq
223,0.61,77.8,11851,50,0.57,LaptopFaiq
223,0.61,77.8,11851,50,0.57,LaptopFaiq
223,0.61,77.8,11851,50,0.57,LaptopFaiq
223,0.61,77.8,11851,50,0.57,LaptopFaiq
223,0.61,77.8,11851,50,0.57,LaptopFaiq
223,0.61,77.8,11851,50,0.57,LaptopFaiq
223,0.61,77.8,11851,50,0.57,LaptopFaiq
223,0.61,77.8,11851,50,0.57,LaptopFaiq
223.1,0.604,77,11851,50,0.57,LaptopFaiq
223.1,0.604,77,11851,50,0.57,LaptopFaiq
223.1,0.604,77,11851,50,0.57,LaptopFaiq
223.1,0.604,77,11851,50,0.57,LaptopFaiq
223.1,0.604,77,11851,50,0.57,LaptopFaiq
223.1,0.604,77,11851,50,0.57,LaptopFaiq
223.1,0.604,77,11851,50,0.57,LaptopFaiq
223.1,0.604,77,11851,50,0.57,LaptopFaiq
223.1,0.604,77,11851,50,0.57,LaptopFaiq
223.1,0.604,77,11851,50,0.57,LaptopFaiq
223.1,0.595,76.2,11851,50,0.57,LaptopFaiq
223.1,0.595,76.2,11851,50,0.57,LaptopFaiq
223.1,0.595,76.2,11851,50,0.57,LaptopFaiq
223.1,0.595,76.2,11851,50,0.57,LaptopFaiq
223.1,0.595,76.2,11851,50,0.57,LaptopFaiq
223.1,0.595,76.2,11851,50,0.57,LaptopFaiq
223.1,0.595,76.2,11851,50,0.57,LaptopFaiq
223.1,0.595,76.2,11851,50,0.57,LaptopFaiq
223.1,0.595,76.2,11851,50,0.57,LaptopFaiq
223.1,0.595,76.2,11851,50,0.57,LaptopFaiq
223.1,0.599,76.2,11852,50,0.57,LaptopFaiq
223.1,0.599,76.2,11852,50,0.57,LaptopFaiq
223.1,0.599,76.2,11852,50,0.57,LaptopFaiq
223.1,0.599,76.2,11852,50,0.57,LaptopFaiq
223.1,0.599,76.2,11852,50,0.57,LaptopFaiq
223.1,0.599,76.2,11852,50,0.57,LaptopFaiq
223.1,0.599,76.2,11852,50,0.57,LaptopFaiq
223.1,0.599,76.2,11852,50,0.57,LaptopFaiq
223.1,0.599,76.2,11852,50,0.57,LaptopFaiq
223.1,0.599,76.2,11852,50,0.57,LaptopFaiq
223.1,0.599,76.2,11852,50,0.57,LaptopFaiq
223.1,0.599,76.2,11852,50,0.57,LaptopFaiq
223,0.593,75.7,11852,50,0.57,LaptopFaiq
223,0.593,75.7,11852,50,0.57,LaptopFaiq
223,0.593,75.7,11852,50,0.57,LaptopFaiq
223,0.593,75.7,11852,50,0.57,LaptopFaiq
223,0.593,75.7,11852,50,0.57,LaptopFaiq
223,0.593,75.7,11852,50,0.57,LaptopFaiq
223,0.593,75.7,11852,50,0.57,LaptopFaiq
223,0.593,75.7,11852,50,0.57,LaptopFaiq
223,0.593,75.7,11852,50,0.57,LaptopFaiq
223,0.593,75.7,11852,50,0.57,LaptopFaiq
223.3,0.573,72.8,11852,50,0.57,LaptopFaiq
223.3,0.573,72.8,11852,50,0.57,LaptopFaiq
223.3,0.573,72.8,11852,50,0.57,LaptopFaiq
223.3,0.573,72.8,11852,50,0.57,LaptopFaiq
223.3,0.573,72.8,11852,50,0.57,LaptopFaiq
223.3,0.573,72.8,11852,50,0.57,LaptopFaiq
223.3,0.573,72.8,11852,50,0.57,LaptopFaiq
223.3,0.573,72.8,11852,50,0.57,LaptopFaiq
223.3,0.573,72.8,11852,50,0.57,LaptopFaiq
223.3,0.573,72.8,11852,50,0.57,LaptopFaiq
223.2,0.616,78.7,11852,50,0.57,LaptopFaiq
223.2,0.616,78.7,11852,50,0.57,LaptopFaiq
223.2,0.616,78.7,11852,50,0.57,LaptopFaiq
223.2,0.616,78.7,11852,50,0.57,LaptopFaiq
223.2,0.616,78.7,11852,50,0.57,LaptopFaiq
223.2,0.616,78.7,11852,50,0.57,LaptopFaiq
223.2,0.616,78.7,11852,50,0.57,LaptopFaiq
223.2,0.616,78.7,11852,50,0.57,LaptopFaiq
223.2,0.616,78.7,11852,50,0.57,LaptopFaiq
223.2,0.616,78.7,11852,50,0.57,LaptopFaiq
223.3,0.608,77.7,11852,50,0.57,LaptopFaiq
223.3,0.608,77.7,11852,50,0.57,LaptopFaiq
223.3,0.608,77.7,11852,50,0.57,LaptopFaiq
223.3,0.608,77.7,11852,50,0.57,LaptopFaiq
223.3,0.608,77.7,11852,50,0.57,LaptopFaiq
223.3,0.608,77.7,11852,50,0.57,LaptopFaiq
223.3,0.608,77.7,11852,50,0.57,LaptopFaiq
223.3,0.608,77.7,11852,50,0.57,LaptopFaiq
223.3,0.608,77.7,11852,50,0.57,LaptopFaiq
223.3,0.608,77.7,11852,50,0.57,LaptopFaiq
223.2,0.598,76.2,11852,50,0.57,LaptopFaiq
223.2,0.598,76.2,11852,50,0.57,LaptopFaiq
223.2,0.598,76.2,11852,50,0.57,LaptopFaiq
223.2,0.598,76.2,11852,50,0.57,LaptopFaiq
223.2,0.598,76.2,11852,50,0.57,LaptopFaiq
223.2,0.598,76.2,11852,50,0.57,LaptopFaiq
223.2,0.598,76.2,11852,50,0.57,LaptopFaiq
223.2,0.598,76.2,11852,50,0.57,LaptopFaiq
223.2,0.598,76.2,11852,50,0.57,LaptopFaiq
223.2,0.598,76.2,11852,50,0.57,LaptopFaiq
223.2,0.598,76.2,11852,50,0.57,LaptopFaiq
223.2,0.598,76.2,11852,50,0.57,LaptopFaiq
223,0.624,79.7,11852,50,0.57,LaptopFaiq
223,0.624,79.7,11852,50,0.57,LaptopFaiq
223,0.624,79.7,11852,50,0.57,LaptopFaiq
223,0.624,79.7,11852,50,0.57,LaptopFaiq
223,0.624,79.7,11852,50,0.57,LaptopFaiq
223,0.624,79.7,11852,50,0.57,LaptopFaiq
223,0.624,79.7,11852,50,0.57,LaptopFaiq
223,0.624,79.7,11852,50,0.57,LaptopFaiq
223,0.624,79.7,11852,50,0.57,LaptopFaiq
223,0.624,79.7,11852,50,0.57,LaptopFaiq
222.9,0.626,80.1,11852,50,0.57,LaptopFaiq
222.9,0.626,80.1,11852,50,0.57,LaptopFaiq
222.9,0.626,80.1,11852,50,0.57,LaptopFaiq
222.9,0.626,80.1,11852,50,0.57,LaptopFaiq
222.9,0.626,80.1,11852,50,0.57,LaptopFaiq
222.9,0.626,80.1,11852,50,0.57,LaptopFaiq
222.9,0.626,80.1,11852,50,0.57,LaptopFaiq
222.9,0.626,80.1,11852,50,0.57,LaptopFaiq
222.9,0.626,80.1,11852,50,0.57,LaptopFaiq
222.9,0.626,80.1,11852,50,0.57,LaptopFaiq
223.1,0.617,78.3,11852,50,0.57,LaptopFaiq
223.1,0.617,78.3,11852,50,0.57,LaptopFaiq
223.1,0.617,78.3,11852,50,0.57,LaptopFaiq
223.1,0.617,78.3,11852,50,0.57,LaptopFaiq
223.1,0.617,78.3,11852,50,0.57,LaptopFaiq
223.1,0.617,78.3,11852,50,0.57,LaptopFaiq
223.1,0.617,78.3,11852,50,0.57,LaptopFaiq
223.1,0.617,78.3,11852,50,0.57,LaptopFaiq
223.1,0.617,78.3,11852,50,0.57,LaptopFaiq
223.1,0.617,78.3,11852,50,0.57,LaptopFaiq
223.1,0.627,80.4,11852,50,0.57,LaptopFaiq
223.1,0.627,80.4,11852,50,0.57,LaptopFaiq
223.1,0.627,80.4,11852,50,0.57,LaptopFaiq
223.1,0.627,80.4,11852,50,0.57,LaptopFaiq
223.1,0.627,80.4,11852,50,0.57,LaptopFaiq
223.1,0.627,80.4,11852,50,0.57,LaptopFaiq
223.1,0.627,80.4,11852,50,0.57,LaptopFaiq
223.1,0.627,80.4,11852,50,0.57,LaptopFaiq
223.1,0.627,80.4,11852,50,0.57,LaptopFaiq
223.1,0.627,80.4,11852,50,0.57,LaptopFaiq
223.1,0.627,80.4,11852,50,0.57,LaptopFaiq
223.2,0.607,77.3,11852,50,0.57,LaptopFaiq
223.2,0.607,77.3,11852,50,0.57,LaptopFaiq
223.2,0.607,77.3,11852,50,0.57,LaptopFaiq
223.2,0.607,77.3,11852,50,0.57,LaptopFaiq
223.2,0.607,77.3,11852,50,0.57,LaptopFaiq
223.2,0.607,77.3,11852,50,0.57,LaptopFaiq
223.2,0.607,77.3,11852,50,0.57,LaptopFaiq
223.2,0.607,77.3,11852,50,0.57,LaptopFaiq
223.2,0.607,77.3,11852,50,0.57,LaptopFaiq
223.2,0.607,77.3,11852,50,0.57,LaptopFaiq
223.5,0.623,79.6,11852,50,0.57,LaptopFaiq
223.5,0.623,79.6,11852,50,0.57,LaptopFaiq
223.5,0.623,79.6,11852,50,0.57,LaptopFaiq
223.5,0.623,79.6,11852,50,0.57,LaptopFaiq
223.5,0.623,79.6,11852,50,0.57,LaptopFaiq
223.5,0.623,79.6,11852,50,0.57,LaptopFaiq
223.5,0.623,79.6,11852,50,0.57,LaptopFaiq
223.5,0.623,79.6,11852,50,0.57,LaptopFaiq
223.5,0.623,79.6,11852,50,0.57,LaptopFaiq
223.5,0.623,79.6,11852,50,0.57,LaptopFaiq
223.2,0.629,80.4,11852,50,0.57,LaptopFaiq
223.2,0.629,80.4,11852,50,0.57,LaptopFaiq
223.2,0.629,80.4,11852,50,0.57,LaptopFaiq
223.2,0.629,80.4,11852,50,0.57,LaptopFaiq
223.2,0.629,80.4,11852,50,0.57,LaptopFaiq
223.2,0.629,80.4,11852,50,0.57,LaptopFaiq
223.2,0.629,80.4,11852,50,0.57,LaptopFaiq
223.2,0.629,80.4,11852,50,0.57,LaptopFaiq
223.2,0.629,80.4,11852,50,0.57,LaptopFaiq
223.2,0.629,80.4,11852,50,0.57,LaptopFaiq
223.2,0.626,79.9,11852,50,0.57,LaptopFaiq
223.2,0.626,79.9,11852,50,0.57,LaptopFaiq
223.2,0.626,79.9,11852,50,0.57,LaptopFaiq
223.2,0.626,79.9,11852,50,0.57,LaptopFaiq
223.2,0.626,79.9,11852,50,0.57,LaptopFaiq
223.2,0.626,79.9,11852,50,0.57,LaptopFaiq
223.2,0.626,79.9,11852,50,0.57,LaptopFaiq
223.2,0.626,79.9,11852,50,0.57,LaptopFaiq
223.2,0.626,79.9,11852,50,0.57,LaptopFaiq
223.2,0.626,79.9,11852,50,0.57,LaptopFaiq
223.2,0.626,79.9,11852,50,0.57,LaptopFaiq
223.2,0.626,79.9,11852,50,0.57,LaptopFaiq
223.1,0.62,79,11852,50,0.57,LaptopFaiq
223.1,0.62,79,11852,50,0.57,LaptopFaiq
223.1,0.62,79,11852,50,0.57,LaptopFaiq
223.1,0.62,79,11852,50,0.57,LaptopFaiq
223.1,0.62,79,11852,50,0.57,LaptopFaiq
223.1,0.62,79,11852,50,0.57,LaptopFaiq
223.1,0.62,79,11852,50,0.57,LaptopFaiq
223.1,0.62,79,11852,50,0.57,LaptopFaiq
223.1,0.62,79,11852,50,0.57,LaptopFaiq
223.1,0.62,79,11852,50,0.57,LaptopFaiq
223.1,0.617,79,11852,50,0.57,LaptopFaiq
223.1,0.617,79,11852,50,0.57,LaptopFaiq
223.1,0.617,79,11852,50,0.57,LaptopFaiq
223.1,0.617,79,11852,50,0.57,LaptopFaiq
223.1,0.617,79,11852,50,0.57,LaptopFaiq
223.1,0.617,79,11852,50,0.57,LaptopFaiq
223.1,0.617,79,11852,50,0.57,LaptopFaiq
223.1,0.617,79,11852,50,0.57,LaptopFaiq
223.1,0.617,79,11852,50,0.57,LaptopFaiq
223.1,0.617,79,11852,50,0.57,LaptopFaiq
223.3,0.607,77.1,11852,50,0.57,LaptopFaiq
223.3,0.607,77.1,11852,50,0.57,LaptopFaiq
223.3,0.607,77.1,11852,50,0.57,LaptopFaiq
223.3,0.607,77.1,11852,50,0.57,LaptopFaiq
223.3,0.607,77.1,11852,50,0.57,LaptopFaiq
223.3,0.607,77.1,11852,50,0.57,LaptopFaiq
223.3,0.607,77.1,11852,50,0.57,LaptopFaiq
223.3,0.607,77.1,11852,50,0.57,LaptopFaiq
223.3,0.607,77.1,11852,50,0.57,LaptopFaiq
223.3,0.607,77.1,11852,50,0.57,LaptopFaiq
223.2,0.622,79.5,11852,50,0.57,LaptopFaiq
223.2,0.622,79.5,11852,50,0.57,LaptopFaiq
223.2,0.622,79.5,11852,50,0.57,LaptopFaiq
223.2,0.622,79.5,11852,50,0.57,LaptopFaiq
223.2,0.622,79.5,11852,50,0.57,LaptopFaiq
223.2,0.622,79.5,11852,50,0.57,LaptopFaiq
223.2,0.622,79.5,11852,50,0.57,LaptopFaiq
223.2,0.622,79.5,11852,50,0.57,LaptopFaiq
223.2,0.622,79.5,11852,50,0.57,LaptopFaiq
223.2,0.622,79.5,11852,50,0.57,LaptopFaiq
223.2,0.622,77,11852,50,0.55,LaptopFaiq
223.2,0.604,77,11852,50,0.57,LaptopFaiq
223.2,0.604,77,11852,50,0.57,LaptopFaiq
223.2,0.604,77,11852,50,0.57,LaptopFaiq
223.2,0.604,77,11852,50,0.57,LaptopFaiq
223.2,0.604,77,11852,50,0.57,LaptopFaiq
223.2,0.604,77,11852,50,0.57,LaptopFaiq
223.2,0.604,77,11852,50,0.57,LaptopFaiq
223.2,0.604,77,11852,50,0.57,LaptopFaiq
223.2,0.604,77,11852,50,0.57,LaptopFaiq
223.2,0.604,77,11852,50,0.57,LaptopFaiq
223.2,0.613,77.7,11852,50,0.57,LaptopFaiq
223.2,0.613,77.7,11852,50,0.57,LaptopFaiq
223.2,0.613,77.7,11852,50,0.57,LaptopFaiq
223.2,0.613,77.7,11852,50,0.57,LaptopFaiq
223.2,0.613,77.7,11852,50,0.57,LaptopFaiq
223.2,0.613,77.7,11852,50,0.57,LaptopFaiq
223.2,0.613,77.7,11852,50,0.57,LaptopFaiq
223.2,0.613,77.7,11852,50,0.57,LaptopFaiq
223.2,0.613,77.7,11852,50,0.57,LaptopFaiq
223.2,0.613,77.7,11852,50,0.57,LaptopFaiq
223.4,0.571,72.5,11852,50,0.57,LaptopFaiq
223.4,0.571,72.5,11852,50,0.57,LaptopFaiq
223.4,0.571,72.5,11852,50,0.57,LaptopFaiq
223.4,0.571,72.5,11852,50,0.57,LaptopFaiq
223.4,0.571,72.5,11852,50,0.57,LaptopFaiq
223.4,0.571,72.5,11852,50,0.57,LaptopFaiq
223.4,0.571,72.5,11852,50,0.57,LaptopFaiq
223.4,0.571,72.5,11852,50,0.57,LaptopFaiq
223.4,0.571,72.5,11852,50,0.57,LaptopFaiq
223.4,0.571,72.5,11852,50,0.57,LaptopFaiq
223.6,0.477,59.3,11852,50,0.56,LaptopFaiq
223.6,0.477,59.3,11852,50,0.56,LaptopFaiq
223.6,0.477,59.3,11852,50,0.56,LaptopFaiq
223.6,0.477,59.3,11852,50,0.56,LaptopFaiq
223.6,0.477,59.3,11852,50,0.56,LaptopFaiq
223.6,0.477,59.3,11852,50,0.56,LaptopFaiq
223.6,0.477,59.3,11852,50,0.56,LaptopFaiq
223.6,0.477,59.3,11852,50,0.56,LaptopFaiq
223.6,0.477,59.3,11852,50,0.56,LaptopFaiq
223.6,0.477,59.3,11852,50,0.56,LaptopFaiq
223.4,0.483,59.3,11852,50,0.55,LaptopFaiq
223.4,0.483,59.3,11852,50,0.55,LaptopFaiq
223.4,0.483,59.3,11852,50,0.55,LaptopFaiq
223.4,0.483,59.3,11852,50,0.55,LaptopFaiq
223.4,0.483,59.3,11852,50,0.55,LaptopFaiq
223.4,0.483,59.3,11852,50,0.55,LaptopFaiq
223.4,0.483,59.3,11852,50,0.55,LaptopFaiq
223.4,0.483,59.3,11852,50,0.55,LaptopFaiq
223.4,0.483,59.3,11852,50,0.55,LaptopFaiq
223.4,0.483,59.3,11852,50,0.55,LaptopFaiq
223.4,0.483,59.3,11852,50,0.55,LaptopFaiq
223.4,0.483,59.3,11852,50,0.55,LaptopFaiq
223.4,0.482,59.5,11852,50,0.55,LaptopFaiq
223.4,0.482,59.5,11852,50,0.55,LaptopFaiq
223.4,0.482,59.5,11852,50,0.55,LaptopFaiq
223.4,0.482,59.5,11852,50,0.55,LaptopFaiq
223.4,0.482,59.5,11852,50,0.55,LaptopFaiq
223.4,0.482,59.5,11852,50,0.55,LaptopFaiq
223.4,0.482,59.5,11852,50,0.55,LaptopFaiq
223.4,0.482,59.5,11852,50,0.55,LaptopFaiq
223.4,0.482,59.5,11852,50,0.55,LaptopFaiq
223.4,0.482,59.5,11852,50,0.55,LaptopFaiq
223.4,0.492,60.9,11852,50,0.55,LaptopFaiq
223.4,0.492,60.9,11852,50,0.55,LaptopFaiq
223.4,0.492,60.9,11852,50,0.55,LaptopFaiq
223.4,0.492,60.9,11852,50,0.55,LaptopFaiq
223.4,0.492,60.9,11852,50,0.55,LaptopFaiq
223.4,0.492,60.9,11852,50,0.55,LaptopFaiq
223.4,0.492,60.9,11852,50,0.55,LaptopFaiq
223.4,0.492,60.9,11852,50,0.55,LaptopFaiq
223.4,0.492,60.9,11852,50,0.55,LaptopFaiq
223.4,0.492,60.9,11852,50,0.55,LaptopFaiq
223.2,0.502,62.3,11852,50,0.56,LaptopFaiq
223.2,0.502,62.3,11852,50,0.56,LaptopFaiq
223.2,0.502,62.3,11852,50,0.56,LaptopFaiq
223.2,0.502,62.3,11852,50,0.56,LaptopFaiq
223.2,0.502,62.3,11852,50,0.56,LaptopFaiq
223.2,0.502,62.3,11852,50,0.56,LaptopFaiq
223.2,0.502,62.3,11852,50,0.56,LaptopFaiq
223.2,0.502,62.3,11852,50,0.56,LaptopFaiq
223.2,0.502,62.3,11852,50,0.56,LaptopFaiq
223.2,0.502,62.3,11852,50,0.56,LaptopFaiq
223.8,0.476,58.6,11852,50,0.55,LaptopFaiq
223.8,0.476,58.6,11852,50,0.55,LaptopFaiq
223.8,0.476,58.6,11852,50,0.55,LaptopFaiq
223.8,0.476,58.6,11852,50,0.55,LaptopFaiq
223.8,0.476,58.6,11852,50,0.55,LaptopFaiq
223.8,0.476,58.6,11852,50,0.55,LaptopFaiq
223.8,0.476,58.6,11852,50,0.55,LaptopFaiq
223.8,0.476,58.6,11852,50,0.55,LaptopFaiq
223.8,0.476,58.6,11852,50,0.55,LaptopFaiq
223.8,0.476,58.6,11852,50,0.55,LaptopFaiq
223.8,0.476,58.6,11852,50,0.55,LaptopFaiq
223.8,0.476,58.6,11852,50,0.55,LaptopFaiq
223.4,0.483,59.8,11852,50,0.55,LaptopFaiq
223.4,0.483,59.8,11852,50,0.55,LaptopFaiq
223.4,0.483,59.8,11852,50,0.55,LaptopFaiq
223.4,0.483,59.8,11852,50,0.55,LaptopFaiq
223.4,0.483,59.8,11852,50,0.55,LaptopFaiq
223.4,0.483,59.8,11852,50,0.55,LaptopFaiq
223.4,0.483,59.8,11852,50,0.55,LaptopFaiq
223.4,0.483,59.8,11852,50,0.55,LaptopFaiq
223.4,0.483,59.8,11852,50,0.55,LaptopFaiq
223.4,0.483,59.8,11852,50,0.55,LaptopFaiq
223.2,0.491,61.1,11852,50,0.56,LaptopFaiq
223.2,0.491,61.1,11852,50,0.56,LaptopFaiq
223.2,0.491,61.1,11852,50,0.56,LaptopFaiq
223.2,0.491,61.1,11852,50,0.56,LaptopFaiq
223.2,0.491,61.1,11852,50,0.56,LaptopFaiq
223.2,0.491,61.1,11852,50,0.56,LaptopFaiq
223.2,0.491,61.1,11852,50,0.56,LaptopFaiq
223.2,0.491,61.1,11852,50,0.56,LaptopFaiq
223.2,0.491,61.1,11852,50,0.56,LaptopFaiq
223.2,0.491,61.1,11852,50,0.56,LaptopFaiq
223.3,0.482,59.3,11852,50,0.55,LaptopFaiq
223.3,0.482,59.3,11852,50,0.55,LaptopFaiq
223.3,0.482,59.3,11852,50,0.55,LaptopFaiq
223.3,0.482,59.3,11852,50,0.55,LaptopFaiq
223.3,0.482,59.3,11852,50,0.55,LaptopFaiq
223.3,0.482,59.3,11852,50,0.55,LaptopFaiq
223.3,0.482,59.3,11852,50,0.55,LaptopFaiq
223.3,0.482,59.3,11852,50,0.55,LaptopFaiq
223.3,0.482,59.3,11852,50,0.55,LaptopFaiq
223.6,0.485,60.1,11852,50,0.55,LaptopFaiq
223.6,0.485,60.1,11852,50,0.55,LaptopFaiq
223.6,0.485,60.1,11852,50,0.55,LaptopFaiq
223.6,0.485,60.1,11852,50,0.55,LaptopFaiq
223.6,0.485,60.1,11852,50,0.55,LaptopFaiq
223.6,0.485,60.1,11852,50,0.55,LaptopFaiq
223.6,0.485,60.1,11852,50,0.55,LaptopFaiq
223.6,0.485,60.1,11852,50,0.55,LaptopFaiq
223.6,0.485,60.1,11852,50,0.55,LaptopFaiq
223.6,0.485,60.1,11852,50,0.55,LaptopFaiq
223.6,0.485,60.1,11852,50,0.55,LaptopFaiq
223.6,0.485,60.1,11852,50,0.55,LaptopFaiq
223.8,0.469,57.9,11852,50,0.55,LaptopFaiq
223.8,0.469,57.9,11852,50,0.55,LaptopFaiq
223.8,0.469,57.9,11852,50,0.55,LaptopFaiq
223.8,0.469,57.9,11852,50,0.55,LaptopFaiq
223.8,0.469,57.9,11852,50,0.55,LaptopFaiq
223.8,0.469,57.9,11852,50,0.55,LaptopFaiq
223.8,0.469,57.9,11852,50,0.55,LaptopFaiq
223.8,0.469,57.9,11852,50,0.55,LaptopFaiq
223.8,0.469,57.9,11852,50,0.55,LaptopFaiq
223.8,0.469,57.9,11852,50,0.55,LaptopFaiq
223.5,0.48,59.3,11852,50,0.55,LaptopFaiq
223.5,0.48,59.3,11852,50,0.55,LaptopFaiq
223.5,0.48,59.3,11852,50,0.55,LaptopFaiq
223.5,0.48,59.3,11852,50,0.55,LaptopFaiq
223.5,0.48,59.3,11852,50,0.55,LaptopFaiq
223.5,0.48,59.3,11852,50,0.55,LaptopFaiq
223.5,0.48,59.3,11852,50,0.55,LaptopFaiq
223.5,0.48,59.3,11852,50,0.55,LaptopFaiq
223.5,0.48,59.3,11852,50,0.55,LaptopFaiq
223.5,0.48,59.3,11852,50,0.55,LaptopFaiq
223.4,0.488,60.2,11852,50,0.55,LaptopFaiq
223.4,0.488,60.2,11852,50,0.55,LaptopFaiq
223.4,0.488,60.2,11852,50,0.55,LaptopFaiq
223.4,0.488,60.2,11852,50,0.55,LaptopFaiq
223.4,0.488,60.2,11852,50,0.55,LaptopFaiq
223.4,0.488,60.2,11852,50,0.55,LaptopFaiq
223.4,0.488,60.2,11852,50,0.55,LaptopFaiq
223.4,0.488,60.2,11852,50,0.55,LaptopFaiq
223.4,0.488,60.2,11852,50,0.55,LaptopFaiq
223.4,0.488,60.2,11852,50,0.55,LaptopFaiq
223.3,0.479,59.2,11852,50,0.55,LaptopFaiq
223.3,0.479,59.2,11852,50,0.55,LaptopFaiq
223.3,0.479,59.2,11852,50,0.55,LaptopFaiq
223.3,0.479,59.2,11852,50,0.55,LaptopFaiq
223.3,0.479,59.2,11852,50,0.55,LaptopFaiq
223.3,0.479,59.2,11852,50,0.55,LaptopFaiq
223.3,0.479,59.2,11852,50,0.55,LaptopFaiq
223.3,0.479,59.2,11852,50,0.55,LaptopFaiq
223.3,0.479,59.2,11852,50,0.55,LaptopFaiq
223.3,0.479,59.2,11852,50,0.55,LaptopFaiq
223.3,0.472,58.1,11852,50,0.55,LaptopFaiq
223.3,0.472,58.1,11852,50,0.55,LaptopFaiq
223.3,0.472,58.1,11852,50,0.55,LaptopFaiq
223.3,0.472,58.1,11852,50,0.55,LaptopFaiq
223.3,0.472,58.1,11852,50,0.55,LaptopFaiq
223.3,0.472,58.1,11852,50,0.55,LaptopFaiq
223.3,0.472,58.1,11852,50,0.55,LaptopFaiq
223.3,0.472,58.1,11852,50,0.55,LaptopFaiq
223.3,0.472,58.1,11852,50,0.55,LaptopFaiq
223.3,0.472,58.1,11852,50,0.55,LaptopFaiq
223.3,0.472,58.1,11852,50,0.55,LaptopFaiq
223.3,0.472,58.1,11852,50,0.55,LaptopFaiq
223.2,0.496,61.2,11852,50,0.55,LaptopFaiq
223.2,0.496,61.2,11852,50,0.55,LaptopFaiq
223.2,0.496,61.2,11852,50,0.55,LaptopFaiq
223.2,0.496,61.2,11852,50,0.55,LaptopFaiq
223.2,0.496,61.2,11852,50,0.55,LaptopFaiq
223.2,0.496,61.2,11852,50,0.55,LaptopFaiq
223.2,0.496,61.2,11852,50,0.55,LaptopFaiq
223.2,0.496,61.2,11852,50,0.55,LaptopFaiq
223.2,0.496,61.2,11852,50,0.55,LaptopFaiq
223.2,0.496,61.2,11852,50,0.55,LaptopFaiq
223.1,0.482,59.3,11852,50,0.55,LaptopFaiq
223.1,0.482,59.3,11852,50,0.55,LaptopFaiq
223.1,0.482,59.3,11852,50,0.55,LaptopFaiq
223.1,0.482,59.3,11852,50,0.55,LaptopFaiq
223.1,0.482,59.3,11852,50,0.55,LaptopFaiq
223.1,0.482,59.3,11852,50,0.55,LaptopFaiq
223.1,0.482,59.3,11852,50,0.55,LaptopFaiq
223.1,0.482,59.3,11852,50,0.55,LaptopFaiq
223.1,0.482,59.3,11852,50,0.55,LaptopFaiq
223.1,0.482,59.3,11852,50,0.55,LaptopFaiq
223.4,0.486,59.8,11852,50,0.55,LaptopFaiq
223.4,0.486,59.8,11852,50,0.55,LaptopFaiq
223.4,0.486,59.8,11852,50,0.55,LaptopFaiq
223.4,0.486,59.8,11852,50,0.55,LaptopFaiq
223.4,0.486,59.8,11852,50,0.55,LaptopFaiq
223.4,0.486,59.8,11852,50,0.55,LaptopFaiq
223.4,0.486,59.8,11852,50,0.55,LaptopFaiq
223.4,0.486,59.8,11852,50,0.55,LaptopFaiq
223.4,0.486,59.8,11852,50,0.55,LaptopFaiq
223.4,0.486,59.8,11852,50,0.55,LaptopFaiq
223.5,0.478,59,11852,50,0.55,LaptopFaiq
223.5,0.478,59,11852,50,0.55,LaptopFaiq
223.5,0.478,59,11852,50,0.55,LaptopFaiq
223.5,0.478,59,11853,50,0.55,LaptopFaiq
223.5,0.478,59,11853,50,0.55,LaptopFaiq
223.5,0.478,59,11853,50,0.55,LaptopFaiq
223.5,0.478,59,11853,50,0.55,LaptopFaiq
223.5,0.478,59,11853,50,0.55,LaptopFaiq
223.5,0.478,59,11853,50,0.55,LaptopFaiq
223.5,0.478,59,11853,50,0.55,LaptopFaiq
223.5,0.478,59,11853,50,0.55,LaptopFaiq
223.7,0.504,62.7,11853,50,0.56,LaptopFaiq
223.7,0.504,62.7,11853,50,0.56,LaptopFaiq
223.7,0.504,62.7,11853,50,0.56,LaptopFaiq
223.7,0.504,62.7,11853,50,0.56,LaptopFaiq
223.7,0.504,62.7,11853,50,0.56,LaptopFaiq
223.7,0.504,62.7,11853,50,0.56,LaptopFaiq
223.7,0.504,62.7,11853,50,0.56,LaptopFaiq
223.7,0.504,62.7,11853,50,0.56,LaptopFaiq
223.7,0.504,62.7,11853,50,0.56,LaptopFaiq
223.7,0.504,62.7,11853,50,0.56,LaptopFaiq
223.6,0.486,60.2,11853,50,0.55,LaptopFaiq
223.6,0.486,60.2,11853,50,0.55,LaptopFaiq
223.6,0.486,60.2,11853,50,0.55,LaptopFaiq
223.6,0.486,60.2,11853,50,0.55,LaptopFaiq
223.6,0.486,60.2,11853,50,0.55,LaptopFaiq
223.6,0.486,60.2,11853,50,0.55,LaptopFaiq
223.6,0.486,60.2,11853,50,0.55,LaptopFaiq
223.6,0.486,60.2,11853,50,0.55,LaptopFaiq
223.6,0.486,60.2,11853,50,0.55,LaptopFaiq
223.6,0.486,60.2,11853,50,0.55,LaptopFaiq
223.2,0.489,60.3,11853,50,0.55,LaptopFaiq
223.2,0.489,60.3,11853,50,0.55,LaptopFaiq
223.2,0.489,60.3,11853,50,0.55,LaptopFaiq
223.2,0.489,60.3,11853,50,0.55,LaptopFaiq
223.2,0.489,60.3,11853,50,0.55,LaptopFaiq
223.2,0.489,60.3,11853,50,0.55,LaptopFaiq
223.2,0.489,60.3,11853,50,0.55,LaptopFaiq
223.2,0.489,60.3,11853,50,0.55,LaptopFaiq
223.2,0.489,60.3,11853,50,0.55,LaptopFaiq
223.2,0.489,60.3,11853,50,0.55,LaptopFaiq
223.7,0.478,59.1,11853,50,0.55,LaptopFaiq
223.7,0.478,59.1,11853,50,0.55,LaptopFaiq
223.7,0.478,59.1,11853,50,0.55,LaptopFaiq
223.7,0.478,59.1,11853,50,0.55,LaptopFaiq
223.7,0.478,59.1,11853,50,0.55,LaptopFaiq
223.7,0.478,59.1,11853,50,0.55,LaptopFaiq
223.7,0.478,59.1,11853,50,0.55,LaptopFaiq
223.7,0.478,59.1,11853,50,0.55,LaptopFaiq
223.7,0.478,59.1,11853,50,0.55,LaptopFaiq
223.7,0.478,59.1,11853,50,0.55,LaptopFaiq
223.7,0.478,59.1,11853,50,0.55,LaptopFaiq
223.3,0.482,59.5,11853,50,0.55,LaptopFaiq
223.3,0.482,59.5,11853,50,0.55,LaptopFaiq
223.3,0.482,59.5,11853,50,0.55,LaptopFaiq
223.3,0.482,59.5,11853,50,0.55,LaptopFaiq
223.3,0.482,59.5,11853,50,0.55,LaptopFaiq
223.3,0.482,59.5,11853,50,0.55,LaptopFaiq
223.3,0.482,59.5,11853,50,0.55,LaptopFaiq
223.3,0.482,59.5,11853,50,0.55,LaptopFaiq
223.3,0.482,59.5,11853,50,0.55,LaptopFaiq
223.3,0.482,59.5,11853,50,0.55,LaptopFaiq
223.3,0.484,59.7,11853,50,0.55,LaptopFaiq
223.3,0.484,59.7,11853,50,0.55,LaptopFaiq
223.3,0.484,59.7,11853,50,0.55,LaptopFaiq
223.3,0.484,59.7,11853,50,0.55,LaptopFaiq
223.3,0.484,59.7,11853,50,0.55,LaptopFaiq
223.3,0.484,59.7,11853,50,0.55,LaptopFaiq
223.3,0.484,59.7,11853,50,0.55,LaptopFaiq
223.3,0.484,59.7,11853,50,0.55,LaptopFaiq
223.3,0.484,59.7,11853,50,0.55,LaptopFaiq
223.3,0.484,59.7,11853,50,0.55,LaptopFaiq
223.2,0.487,60.4,11853,50,0.56,LaptopFaiq
223.2,0.487,60.4,11853,50,0.56,LaptopFaiq
223.2,0.487,60.4,11853,50,0.56,LaptopFaiq
223.2,0.487,60.4,11853,50,0.56,LaptopFaiq
223.2,0.487,60.4,11853,50,0.56,LaptopFaiq
223.2,0.487,60.4,11853,50,0.56,LaptopFaiq
223.2,0.487,60.4,11853,50,0.56,LaptopFaiq
223.2,0.487,60.4,11853,50,0.56,LaptopFaiq
223.2,0.487,60.4,11853,50,0.56,LaptopFaiq
223.2,0.487,60.4,11853,50,0.56,LaptopFaiq
223.7,0.492,60.9,11853,50,0.55,LaptopFaiq
223.7,0.492,60.9,11853,50,0.55,LaptopFaiq
223.7,0.492,60.9,11853,50,0.55,LaptopFaiq
223.7,0.492,60.9,11853,50,0.55,LaptopFaiq
223.7,0.492,60.9,11853,50,0.55,LaptopFaiq
223.7,0.492,60.9,11853,50,0.55,LaptopFaiq
223.7,0.492,60.9,11853,50,0.55,LaptopFaiq
223.7,0.492,60.9,11853,50,0.55,LaptopFaiq
223.7,0.492,60.9,11853,50,0.55,LaptopFaiq
223.7,0.492,60.9,11853,50,0.55,LaptopFaiq
223.7,0.492,62.2,11853,50,0.57,LaptopFaiq
223.7,0.492,62.2,11853,50,0.57,LaptopFaiq
223.3,0.507,62.2,11853,50,0.55,LaptopFaiq
223.3,0.507,62.2,11853,50,0.55,LaptopFaiq
223.3,0.507,62.2,11853,50,0.55,LaptopFaiq
223.3,0.507,62.2,11853,50,0.55,LaptopFaiq
223.3,0.507,62.2,11853,50,0.55,LaptopFaiq
223.3,0.507,62.2,11853,50,0.55,LaptopFaiq
223.3,0.507,62.2,11853,50,0.55,LaptopFaiq
223.3,0.507,62.2,11853,50,0.55,LaptopFaiq
223.3,0.507,62.2,11853,50,0.55,LaptopFaiq
223.3,0.507,62.2,11853,50,0.55,LaptopFaiq
223.2,0.49,61.6,11853,50,0.56,LaptopFaiq
223.2,0.49,61.6,11853,50,0.56,LaptopFaiq
223.2,0.49,61.6,11853,50,0.56,LaptopFaiq
223.2,0.49,61.6,11853,50,0.56,LaptopFaiq
223.2,0.49,61.6,11853,50,0.56,LaptopFaiq
223.2,0.49,61.6,11853,50,0.56,LaptopFaiq
223.2,0.49,61.6,11853,50,0.56,LaptopFaiq
223.2,0.49,61.6,11853,50,0.56,LaptopFaiq
223.2,0.49,61.6,11853,50,0.56,LaptopFaiq
223.2,0.49,61.6,11853,50,0.56,LaptopFaiq
223.3,0.483,59.7,11853,50,0.55,LaptopFaiq
223.3,0.483,59.7,11853,50,0.55,LaptopFaiq
223.3,0.483,59.7,11853,50,0.55,LaptopFaiq
223.3,0.483,59.7,11853,50,0.55,LaptopFaiq
223.3,0.483,59.7,11853,50,0.55,LaptopFaiq
223.3,0.483,59.7,11853,50,0.55,LaptopFaiq
223.3,0.483,59.7,11853,50,0.55,LaptopFaiq
223.3,0.483,59.7,11853,50,0.55,LaptopFaiq
223.3,0.483,59.7,11853,50,0.55,LaptopFaiq
223.3,0.483,59.7,11853,50,0.55,LaptopFaiq
223.3,0.477,59.3,11853,50,0.56,LaptopFaiq
223.3,0.477,59.3,11853,50,0.56,LaptopFaiq
223.3,0.477,59.3,11853,50,0.56,LaptopFaiq
223.3,0.477,59.3,11853,50,0.56,LaptopFaiq
223.3,0.477,59.3,11853,50,0.56,LaptopFaiq
223.3,0.477,59.3,11853,50,0.56,LaptopFaiq
223.3,0.477,59.3,11853,50,0.56,LaptopFaiq
223.3,0.477,59.3,11853,50,0.56,LaptopFaiq
223.3,0.477,59.3,11853,50,0.56,LaptopFaiq
223.3,0.477,59.3,11853,50,0.56,LaptopFaiq
223.1,0.481,59.9,11853,50,0.56,LaptopFaiq
223.1,0.481,59.9,11853,50,0.56,LaptopFaiq
223.1,0.481,59.9,11853,50,0.56,LaptopFaiq
223.1,0.481,59.9,11853,50,0.56,LaptopFaiq
223.1,0.481,59.9,11853,50,0.56,LaptopFaiq
223.1,0.481,59.9,11853,50,0.56,LaptopFaiq
223.1,0.481,59.9,11853,50,0.56,LaptopFaiq
223.1,0.481,59.9,11853,50,0.56,LaptopFaiq
223.1,0.481,59.9,11853,50,0.56,LaptopFaiq
223.1,0.481,59.9,11853,50,0.56,LaptopFaiq
223.1,0.481,59.9,11853,50,0.56,LaptopFaiq
223.6,0.478,59.3,11853,50,0.55,LaptopFaiq
223.6,0.478,59.3,11853,50,0.55,LaptopFaiq
223.6,0.478,59.3,11853,50,0.55,LaptopFaiq
223.6,0.478,59.3,11853,50,0.55,LaptopFaiq
223.6,0.478,59.3,11853,50,0.55,LaptopFaiq
223.6,0.478,59.3,11853,50,0.55,LaptopFaiq
223.6,0.478,59.3,11853,50,0.55,LaptopFaiq
223.6,0.478,59.3,11853,50,0.55,LaptopFaiq
223.6,0.478,59.3,11853,50,0.55,LaptopFaiq
223.6,0.478,59.3,11853,50,0.55,LaptopFaiq
223.6,0.47,58,11853,50,0.55,LaptopFaiq
223.6,0.47,58,11853,50,0.55,LaptopFaiq
223.6,0.47,58,11853,50,0.55,LaptopFaiq
223.6,0.47,58,11853,50,0.55,LaptopFaiq
223.6,0.47,58,11853,50,0.55,LaptopFaiq
223.6,0.47,58,11853,50,0.55,LaptopFaiq
223.6,0.47,58,11853,50,0.55,LaptopFaiq
223.6,0.47,58,11853,50,0.55,LaptopFaiq
223.6,0.47,58,11853,50,0.55,LaptopFaiq
223.6,0.47,58,11853,50,0.55,LaptopFaiq
223.4,0.493,60.8,11853,50,0.55,LaptopFaiq
223.4,0.493,60.8,11853,50,0.55,LaptopFaiq
223.4,0.493,60.8,11853,50,0.55,LaptopFaiq
223.4,0.493,60.8,11853,50,0.55,LaptopFaiq
223.4,0.493,60.8,11853,50,0.55,LaptopFaiq
223.4,0.493,60.8,11853,50,0.55,LaptopFaiq
223.4,0.493,60.8,11853,50,0.55,LaptopFaiq
223.4,0.493,60.8,11853,50,0.55,LaptopFaiq
223.4,0.493,60.8,11853,50,0.55,LaptopFaiq
223.4,0.493,60.8,11853,50,0.55,LaptopFaiq
223.3,0.482,60.2,11853,50,0.56,LaptopFaiq
223.3,0.482,60.2,11853,50,0.56,LaptopFaiq
223.3,0.482,60.2,11853,50,0.56,LaptopFaiq
223.3,0.482,60.2,11853,50,0.56,LaptopFaiq
223.3,0.482,60.2,11853,50,0.56,LaptopFaiq
223.3,0.482,60.2,11853,50,0.56,LaptopFaiq
223.3,0.482,60.2,11853,50,0.56,LaptopFaiq
223.3,0.482,60.2,11853,50,0.56,LaptopFaiq
223.3,0.482,60.2,11853,50,0.56,LaptopFaiq
223.3,0.482,60.2,11853,50,0.56,LaptopFaiq
223.3,0.482,60.2,11853,50,0.56,LaptopFaiq
223.3,0.482,60.2,11853,50,0.56,LaptopFaiq
223.3,0.484,59.8,11853,50,0.55,LaptopFaiq
223.3,0.484,59.8,11853,50,0.55,LaptopFaiq
223.3,0.484,59.8,11853,50,0.55,LaptopFaiq
223.3,0.484,59.8,11853,50,0.55,LaptopFaiq
223.3,0.484,59.8,11853,50,0.55,LaptopFaiq
223.3,0.484,59.8,11853,50,0.55,LaptopFaiq
223.3,0.484,59.8,11853,50,0.55,LaptopFaiq
223.3,0.484,59.8,11853,50,0.55,LaptopFaiq
223.3,0.484,59.8,11853,50,0.55,LaptopFaiq
223.3,0.484,59.8,11853,50,0.55,LaptopFaiq
223.3,0.475,58.8,11853,50,0.55,LaptopFaiq
223.3,0.475,58.8,11853,50,0.55,LaptopFaiq
223.3,0.475,58.8,11853,50,0.55,LaptopFaiq
223.3,0.475,58.8,11853,50,0.55,LaptopFaiq
223.3,0.475,58.8,11853,50,0.55,LaptopFaiq
223.3,0.475,58.8,11853,50,0.55,LaptopFaiq
223.3,0.475,58.8,11853,50,0.55,LaptopFaiq
223.3,0.475,58.8,11853,50,0.55,LaptopFaiq
223.3,0.475,58.8,11853,50,0.55,LaptopFaiq
223.3,0.475,58.8,11853,50,0.55,LaptopFaiq
223.3,0.485,59.9,11853,50,0.55,LaptopFaiq
223.3,0.485,59.9,11853,50,0.55,LaptopFaiq
223.3,0.485,59.9,11853,50,0.55,LaptopFaiq
223.3,0.485,59.9,11853,50,0.55,LaptopFaiq
223.3,0.485,59.9,11853,50,0.55,LaptopFaiq
223.3,0.485,59.9,11853,50,0.55,LaptopFaiq
223.3,0.485,59.9,11853,50,0.55,LaptopFaiq
223.3,0.485,59.9,11853,50,0.55,LaptopFaiq
223.3,0.485,59.9,11853,50,0.55,LaptopFaiq
223.3,0.485,59.9,11853,50,0.55,LaptopFaiq
222.9,0.479,59.2,11853,50,0.55,LaptopFaiq
222.9,0.479,59.2,11853,50,0.55,LaptopFaiq
222.9,0.479,59.2,11853,50,0.55,LaptopFaiq
222.9,0.479,59.2,11853,50,0.55,LaptopFaiq
222.9,0.479,59.2,11853,50,0.55,LaptopFaiq
222.9,0.479,59.2,11853,50,0.55,LaptopFaiq
222.9,0.479,59.2,11853,50,0.55,LaptopFaiq
222.9,0.479,59.2,11853,50,0.55,LaptopFaiq
222.9,0.479,59.2,11853,50,0.55,LaptopFaiq
222.9,0.479,59.2,11853,50,0.55,LaptopFaiq
222.9,0.479,59.2,11853,50,0.55,LaptopFaiq
222.9,0.479,59.2,11853,50,0.55,LaptopFaiq
222.8,0.523,65,11853,50,0.56,LaptopFaiq
222.8,0.523,65,11853,50,0.56,LaptopFaiq
222.8,0.523,65,11853,50,0.56,LaptopFaiq
222.8,0.523,65,11853,50,0.56,LaptopFaiq
222.8,0.523,65,11853,50,0.56,LaptopFaiq
222.8,0.523,65,11853,50,0.56,LaptopFaiq
222.8,0.523,65,11853,50,0.56,LaptopFaiq
222.8,0.523,65,11853,50,0.56,LaptopFaiq
222.8,0.523,65,11853,50,0.56,LaptopFaiq
222.8,0.523,65,11853,50,0.56,LaptopFaiq
223.7,0.512,64.2,11853,50,0.56,LaptopFaiq
223.7,0.512,64.2,11853,50,0.56,LaptopFaiq
223.7,0.512,64.2,11853,50,0.56,LaptopFaiq
223.7,0.512,64.2,11853,50,0.56,LaptopFaiq
223.7,0.512,64.2,11853,50,0.56,LaptopFaiq
223.7,0.512,64.2,11853,50,0.56,LaptopFaiq
223.7,0.512,64.2,11853,50,0.56,LaptopFaiq
223.7,0.512,64.2,11853,50,0.56,LaptopFaiq
223.7,0.512,64.2,11853,50,0.56,LaptopFaiq
223.7,0.512,64.2,11853,50,0.56,LaptopFaiq
223.6,0.476,58.9,11853,50,0.55,LaptopFaiq
223.6,0.476,58.9,11853,50,0.55,LaptopFaiq
223.6,0.476,58.9,11853,50,0.55,LaptopFaiq
223.6,0.476,58.9,11853,50,0.55,LaptopFaiq
223.6,0.476,58.9,11853,50,0.55,LaptopFaiq
223.6,0.476,58.9,11853,50,0.55,LaptopFaiq
223.6,0.476,58.9,11853,50,0.55,LaptopFaiq
223.6,0.476,58.9,11853,50,0.55,LaptopFaiq
223.6,0.476,58.9,11853,50,0.55,LaptopFaiq
223.6,0.476,58.9,11853,50,0.55,LaptopFaiq
223.2,0.498,60.8,11853,50,0.55,LaptopFaiq
223.2,0.498,60.8,11853,50,0.55,LaptopFaiq
223.2,0.498,60.8,11853,50,0.55,LaptopFaiq
223.2,0.498,60.8,11853,50,0.55,LaptopFaiq
223.2,0.498,60.8,11853,50,0.55,LaptopFaiq
223.2,0.498,60.8,11853,50,0.55,LaptopFaiq
223.2,0.498,60.8,11853,50,0.55,LaptopFaiq
223.2,0.498,60.8,11853,50,0.55,LaptopFaiq
223.2,0.498,60.8,11853,50,0.55,LaptopFaiq
223,0.51,63.6,11853,50,0.56,LaptopFaiq
223,0.51,63.6,11853,50,0.56,LaptopFaiq
223,0.51,63.6,11853,50,0.56,LaptopFaiq
223,0.51,63.6,11853,50,0.56,LaptopFaiq
223,0.51,63.6,11853,50,0.56,LaptopFaiq
223,0.51,63.6,11853,50,0.56,LaptopFaiq
223,0.51,63.6,11853,50,0.56,LaptopFaiq
223,0.51,63.6,11853,50,0.56,LaptopFaiq
223,0.51,63.6,11853,50,0.56,LaptopFaiq
223,0.51,63.6,11853,50,0.56,LaptopFaiq
223,0.51,63.6,11853,50,0.56,LaptopFaiq
223,0.51,63.6,11853,50,0.56,LaptopFaiq
223,0.522,65.2,11853,50,0.56,LaptopFaiq
223,0.522,65.2,11853,50,0.56,LaptopFaiq
223,0.522,65.2,11853,50,0.56,LaptopFaiq
223,0.522,65.2,11853,50,0.56,LaptopFaiq
223,0.522,65.2,11853,50,0.56,LaptopFaiq
223,0.522,65.2,11853,50,0.56,LaptopFaiq
223,0.522,65.2,11853,50,0.56,LaptopFaiq
223,0.522,65.2,11853,50,0.56,LaptopFaiq
223,0.522,65.2,11853,50,0.56,LaptopFaiq
223,0.522,65.2,11853,50,0.56,LaptopFaiq
223.4,0.513,64.2,11853,50,0.56,LaptopFaiq
223.4,0.513,64.2,11853,50,0.56,LaptopFaiq
223.4,0.513,64.2,11853,50,0.56,LaptopFaiq
223.4,0.513,64.2,11853,50,0.56,LaptopFaiq
223.4,0.513,64.2,11853,50,0.56,LaptopFaiq
223.4,0.513,64.2,11853,50,0.56,LaptopFaiq
223.4,0.513,64.2,11853,50,0.56,LaptopFaiq
223.4,0.513,64.2,11853,50,0.56,LaptopFaiq
223.4,0.513,64.2,11853,50,0.56,LaptopFaiq
223.4,0.513,64.2,11853,50,0.56,LaptopFaiq
223.3,0.514,64,11853,50,0.56,LaptopFaiq
223.3,0.514,64,11853,50,0.56,LaptopFaiq
223.3,0.514,64,11853,50,0.56,LaptopFaiq
223.3,0.514,64,11853,50,0.56,LaptopFaiq
223.3,0.514,64,11853,50,0.56,LaptopFaiq
223.3,0.514,64,11853,50,0.56,LaptopFaiq
223.3,0.514,64,11853,50,0.56,LaptopFaiq
223.3,0.514,64,11853,50,0.56,LaptopFaiq
223.3,0.514,64,11853,50,0.56,LaptopFaiq
